step,num_nodes,p_n,p_r,expected_mean_degree,mean_degree,assort
2000,100,0.0,0.1,9.827205882352942,9.76,0.10147586575961347
2000,100,0.0,0.1,9.827205882352942,9.68,0.058090529020373
2000,100,0.0,0.1,9.827205882352942,9.56,0.15116319656763003
2000,100,0.0,0.1,9.827205882352942,9.7,0.09114939740521619
2000,100,0.0,0.1,9.827205882352942,10.36,0.1088935688658231
2000,100,0.0,0.1,9.827205882352942,9.76,0.08570277910381517
2000,100,0.0,0.1,9.827205882352942,9.76,0.05102819807133388
2000,100,0.0,0.1,9.827205882352942,9.76,0.07528001768051065
2000,100,0.0,0.1,9.827205882352942,9.46,0.07174046740826645
2000,100,0.0,0.1,9.827205882352942,10.64,0.11342861380720262
2000,100,0.0,0.1,9.827205882352942,9.3,-0.030481524360994362
2000,100,0.0,0.1,9.827205882352942,9.88,0.11003011938336456
2000,100,0.0,0.1,9.827205882352942,10.26,0.05405249903310553
2000,100,0.0,0.1,9.827205882352942,9.16,0.1034746020688325
2000,100,0.0,0.1,9.827205882352942,10.12,-0.032548933384968066
2000,100,0.0,0.1,9.827205882352942,9.9,0.03635826600157761
2000,100,0.0,0.1,9.827205882352942,10.04,-0.011058890555220236
2000,100,0.0,0.1,9.827205882352942,10.42,0.10843135057622955
2000,100,0.0,0.1,9.827205882352942,9.44,-0.00863832324395916
2000,100,0.0,0.1,9.827205882352942,9.18,0.09569722139487977
2000,100,0.0,0.1,9.827205882352942,9.84,0.163088474683195
2000,100,0.0,0.1,9.827205882352942,9.46,0.14713303805667927
2000,100,0.0,0.1,9.827205882352942,9.84,0.10924588629750094
2000,100,0.0,0.1,9.827205882352942,9.62,0.06455037085081909
2000,100,0.0,0.1,9.827205882352942,9.7,0.07823684465262608
2000,100,0.0,0.1,9.827205882352942,9.76,0.010800002271605573
2000,100,0.0,0.1,9.827205882352942,10.52,0.057251203313706055
2000,100,0.0,0.1,9.827205882352942,9.4,0.050919283003319736
2000,100,0.0,0.1,9.827205882352942,10.3,0.0800518432685665
2000,100,0.0,0.1,9.827205882352942,9.76,0.09092568203479932
2000,100,0.0,0.1,9.827205882352942,10.7,0.0532892594064114
2000,100,0.0,0.1,9.827205882352942,9.98,0.025528779665130272
2000,100,0.0,0.1,9.827205882352942,9.62,0.07979129295994722
2000,100,0.0,0.1,9.827205882352942,9.54,0.08082747989396881
2000,100,0.0,0.1,9.827205882352942,9.36,0.10548336142581018
2000,100,0.0,0.1,9.827205882352942,10.24,0.015401117649248904
2000,100,0.0,0.1,9.827205882352942,9.58,0.050427844132020345
2000,100,0.0,0.1,9.827205882352942,10.1,0.03256493197900169
2000,100,0.0,0.1,9.827205882352942,9.52,0.08220778989602617
2000,100,0.0,0.1,9.827205882352942,10.28,0.05306305792857004
2000,100,0.0,0.1,9.827205882352942,9.92,0.12012531310837998
2000,100,0.0,0.1,9.827205882352942,9.62,0.1345122839582929
2000,100,0.0,0.1,9.827205882352942,10.4,0.0653369494267993
2000,100,0.0,0.1,9.827205882352942,9.76,0.025216584259540615
2000,100,0.0,0.1,9.827205882352942,10.2,0.09090423075402937
2000,100,0.0,0.1,9.827205882352942,9.5,0.11326438138162914
2000,100,0.0,0.1,9.827205882352942,10.08,0.11092562517479064
2000,100,0.0,0.1,9.827205882352942,9.7,0.06405728620708195
2000,100,0.0,0.1,9.827205882352942,10.52,0.06026088742708786
2000,100,0.0,0.1,9.827205882352942,10.14,-0.007280750036890199
2000,100,0.0,0.3,23.439252336448597,23.62,-0.0220290515751353
2000,100,0.0,0.3,23.439252336448597,24.2,0.02975877013382313
2000,100,0.0,0.3,23.439252336448597,23.92,0.019122565275782138
2000,100,0.0,0.3,23.439252336448597,24.38,-0.0004391272867401822
2000,100,0.0,0.3,23.439252336448597,23.4,0.03345380759648154
2000,100,0.0,0.3,23.439252336448597,22.92,0.020266415694804578
2000,100,0.0,0.3,23.439252336448597,23.26,0.023612883648005758
2000,100,0.0,0.3,23.439252336448597,23.68,0.022955040908017487
2000,100,0.0,0.3,23.439252336448597,22.42,-0.006915259289673138
2000,100,0.0,0.3,23.439252336448597,22.84,-0.03399630064727666
2000,100,0.0,0.3,23.439252336448597,23.54,-0.017457527591454098
2000,100,0.0,0.3,23.439252336448597,23.8,0.0435990794998235
2000,100,0.0,0.3,23.439252336448597,23.14,0.028534345735593443
2000,100,0.0,0.3,23.439252336448597,24.14,0.017067821018596146
2000,100,0.0,0.3,23.439252336448597,23.0,0.03132859323483696
2000,100,0.0,0.3,23.439252336448597,23.36,0.02285200991997393
2000,100,0.0,0.3,23.439252336448597,23.0,-0.015606343381371682
2000,100,0.0,0.3,23.439252336448597,22.26,0.00467505519457993
2000,100,0.0,0.3,23.439252336448597,23.78,0.016800932806307
2000,100,0.0,0.3,23.439252336448597,23.96,-0.004550744324920743
2000,100,0.0,0.3,23.439252336448597,24.06,-0.02329445563442421
2000,100,0.0,0.3,23.439252336448597,23.96,-0.003882337398077209
2000,100,0.0,0.3,23.439252336448597,23.02,0.0318971999615865
2000,100,0.0,0.3,23.439252336448597,23.34,0.02143879104774788
2000,100,0.0,0.3,23.439252336448597,23.4,0.01217120349011027
2000,100,0.0,0.3,23.439252336448597,23.3,0.005498905471283078
2000,100,0.0,0.3,23.439252336448597,23.76,-0.024750079012720375
2000,100,0.0,0.3,23.439252336448597,23.2,0.006196945925142724
2000,100,0.0,0.3,23.439252336448597,23.28,0.02873936479145854
2000,100,0.0,0.3,23.439252336448597,23.26,0.013698964923019129
2000,100,0.0,0.3,23.439252336448597,23.24,0.013413488731557333
2000,100,0.0,0.3,23.439252336448597,23.88,-0.016307421470854865
2000,100,0.0,0.3,23.439252336448597,23.38,0.02338665683551314
2000,100,0.0,0.3,23.439252336448597,23.02,0.020401076250588648
2000,100,0.0,0.3,23.439252336448597,23.7,0.03261255646523027
2000,100,0.0,0.3,23.439252336448597,23.52,-0.014654074657765673
2000,100,0.0,0.3,23.439252336448597,24.12,-0.0036029327108800355
2000,100,0.0,0.3,23.439252336448597,23.08,0.010717174328969925
2000,100,0.0,0.3,23.439252336448597,23.58,-0.010791828529690546
2000,100,0.0,0.3,23.439252336448597,23.66,0.022177758673237364
2000,100,0.0,0.3,23.439252336448597,24.04,0.00032445740038245695
2000,100,0.0,0.3,23.439252336448597,23.18,0.013682892901505905
2000,100,0.0,0.3,23.439252336448597,23.34,0.012425561206044872
2000,100,0.0,0.3,23.439252336448597,24.24,-2.164900929692685e-5
2000,100,0.0,0.3,23.439252336448597,24.06,0.028453805668424825
2000,100,0.0,0.3,23.439252336448597,22.8,0.01383107514729339
2000,100,0.0,0.3,23.439252336448597,23.64,0.009780838399083586
2000,100,0.0,0.3,23.439252336448597,24.24,0.04935716381260941
2000,100,0.0,0.3,23.439252336448597,23.68,0.03951676505768241
2000,100,0.0,0.3,23.439252336448597,23.62,0.018024978721806015
2000,100,0.0,0.5,33.445945945945944,33.28,-0.018515710718595577
2000,100,0.0,0.5,33.445945945945944,33.9,0.002813848628946796
2000,100,0.0,0.5,33.445945945945944,32.26,0.027889526835302055
2000,100,0.0,0.5,33.445945945945944,34.04,0.000663014635893491
2000,100,0.0,0.5,33.445945945945944,33.36,0.017026263514623913
2000,100,0.0,0.5,33.445945945945944,34.36,-0.00917863940734019
2000,100,0.0,0.5,33.445945945945944,33.32,-0.0041235958504550856
2000,100,0.0,0.5,33.445945945945944,32.44,0.02174473369145365
2000,100,0.0,0.5,33.445945945945944,33.5,-0.0007165510444163245
2000,100,0.0,0.5,33.445945945945944,34.28,-0.01867269855345187
2000,100,0.0,0.5,33.445945945945944,33.8,0.0059240994932095855
2000,100,0.0,0.5,33.445945945945944,33.7,0.025874104618220612
2000,100,0.0,0.5,33.445945945945944,33.7,0.005034418880964172
2000,100,0.0,0.5,33.445945945945944,33.42,0.010397015624166044
2000,100,0.0,0.5,33.445945945945944,33.92,-0.008533234487624074
2000,100,0.0,0.5,33.445945945945944,33.26,-0.007662116313164103
2000,100,0.0,0.5,33.445945945945944,34.18,0.014257336125335853
2000,100,0.0,0.5,33.445945945945944,33.48,0.0003721901048599279
2000,100,0.0,0.5,33.445945945945944,33.32,-0.007071577664649899
2000,100,0.0,0.5,33.445945945945944,33.98,0.001426737735071839
2000,100,0.0,0.5,33.445945945945944,33.92,0.016637798731077156
2000,100,0.0,0.5,33.445945945945944,34.14,0.02595737412435359
2000,100,0.0,0.5,33.445945945945944,33.68,0.036902296271021845
2000,100,0.0,0.5,33.445945945945944,32.54,0.005515748327968452
2000,100,0.0,0.5,33.445945945945944,32.6,0.009862181733102887
2000,100,0.0,0.5,33.445945945945944,33.88,-0.014383637307118606
2000,100,0.0,0.5,33.445945945945944,34.0,-0.0061688445964509335
2000,100,0.0,0.5,33.445945945945944,33.3,-0.0023928241502046387
2000,100,0.0,0.5,33.445945945945944,33.62,-0.0239418818020457
2000,100,0.0,0.5,33.445945945945944,33.5,0.01892004689480581
2000,100,0.0,0.5,33.445945945945944,33.6,0.006321270070893287
2000,100,0.0,0.5,33.445945945945944,33.66,-0.0002908215423451303
2000,100,0.0,0.5,33.445945945945944,32.94,-0.00010028016557278076
2000,100,0.0,0.5,33.445945945945944,33.92,-0.0024099872409943726
2000,100,0.0,0.5,33.445945945945944,34.12,0.007115060775228967
2000,100,0.0,0.5,33.445945945945944,34.16,0.023765138026292827
2000,100,0.0,0.5,33.445945945945944,33.1,-0.015410825970323427
2000,100,0.0,0.5,33.445945945945944,33.88,0.01685333737650845
2000,100,0.0,0.5,33.445945945945944,33.04,-0.00816329146194114
2000,100,0.0,0.5,33.445945945945944,33.52,0.008427014599466657
2000,100,0.0,0.5,33.445945945945944,33.32,-0.010090054935604487
2000,100,0.0,0.5,33.445945945945944,33.84,0.012777856769858589
2000,100,0.0,0.5,33.445945945945944,34.0,0.0017313580878144442
2000,100,0.0,0.5,33.445945945945944,33.44,-0.009020004732626534
2000,100,0.0,0.5,33.445945945945944,33.88,-0.011497208131831709
2000,100,0.0,0.5,33.445945945945944,33.5,0.01799528272607672
2000,100,0.0,0.5,33.445945945945944,34.04,-0.005658864630219664
2000,100,0.0,0.5,33.445945945945944,33.64,-0.007268868975750412
2000,100,0.0,0.5,33.445945945945944,32.98,0.012776473577084864
2000,100,0.0,0.5,33.445945945945944,32.38,-0.00297905257102676
2000,100,0.1,0.1,10.8,11.32,0.058184489466828165
2000,100,0.1,0.1,10.8,10.24,0.030500793925706902
2000,100,0.1,0.1,10.8,10.9,0.029484510178278394
2000,100,0.1,0.1,10.8,10.58,0.08399290516613617
2000,100,0.1,0.1,10.8,10.56,0.07013776033223144
2000,100,0.1,0.1,10.8,10.42,0.038140731859061215
2000,100,0.1,0.1,10.8,10.88,0.01346484368389641
2000,100,0.1,0.1,10.8,11.16,0.08382302080370031
2000,100,0.1,0.1,10.8,10.36,0.07227598314061437
2000,100,0.1,0.1,10.8,11.08,0.09122717206589029
2000,100,0.1,0.1,10.8,10.84,0.03661430177390517
2000,100,0.1,0.1,10.8,10.62,0.09907124029880841
2000,100,0.1,0.1,10.8,10.4,0.05641906330075054
2000,100,0.1,0.1,10.8,11.7,0.07512613880489767
2000,100,0.1,0.1,10.8,11.74,-0.014369360270285415
2000,100,0.1,0.1,10.8,10.26,0.06104746511835917
2000,100,0.1,0.1,10.8,11.16,0.02298948472352079
2000,100,0.1,0.1,10.8,10.74,0.025354328719370406
2000,100,0.1,0.1,10.8,11.04,-0.027443902254371502
2000,100,0.1,0.1,10.8,10.74,0.05835639686609819
2000,100,0.1,0.1,10.8,10.64,0.08498506363605926
2000,100,0.1,0.1,10.8,10.18,0.07285841603815979
2000,100,0.1,0.1,10.8,10.72,-0.023722209686389748
2000,100,0.1,0.1,10.8,10.82,-0.000528305838182347
2000,100,0.1,0.1,10.8,10.9,0.02548785405907067
2000,100,0.1,0.1,10.8,11.2,0.13090398669285896
2000,100,0.1,0.1,10.8,10.54,0.04684964347208122
2000,100,0.1,0.1,10.8,10.62,-0.00460441510857974
2000,100,0.1,0.1,10.8,9.96,0.006371228370675101
2000,100,0.1,0.1,10.8,11.24,0.09700891760899003
2000,100,0.1,0.1,10.8,10.12,0.05839320598849637
2000,100,0.1,0.1,10.8,11.04,0.11857618758436171
2000,100,0.1,0.1,10.8,11.04,0.047504954647699
2000,100,0.1,0.1,10.8,10.96,0.05213012416663202
2000,100,0.1,0.1,10.8,10.18,0.009361714241075719
2000,100,0.1,0.1,10.8,10.34,0.08796832962228594
2000,100,0.1,0.1,10.8,10.86,0.0616101974686742
2000,100,0.1,0.1,10.8,10.52,0.11617621321293672
2000,100,0.1,0.1,10.8,10.86,0.13775861692893884
2000,100,0.1,0.1,10.8,10.58,0.09478076402800355
2000,100,0.1,0.1,10.8,10.62,0.05285362299587509
2000,100,0.1,0.1,10.8,10.96,0.04435480109849282
2000,100,0.1,0.1,10.8,11.54,-0.008351677964069888
2000,100,0.1,0.1,10.8,11.5,0.06453289991938684
2000,100,0.1,0.1,10.8,10.78,0.055385465226858686
2000,100,0.1,0.1,10.8,11.12,0.0981667805005932
2000,100,0.1,0.1,10.8,10.24,0.027090120654183293
2000,100,0.1,0.1,10.8,10.42,0.10765737976758297
2000,100,0.1,0.1,10.8,10.32,0.03457593062883627
2000,100,0.1,0.1,10.8,11.66,0.05757935690097889
2000,100,0.1,0.3,25.376053962900507,25.8,-0.01622631362501178
2000,100,0.1,0.3,25.376053962900507,26.76,0.007750022396028276
2000,100,0.1,0.3,25.376053962900507,25.0,-0.0057102625506307795
2000,100,0.1,0.3,25.376053962900507,25.64,0.014851841422446903
2000,100,0.1,0.3,25.376053962900507,26.52,-0.013321601145999486
2000,100,0.1,0.3,25.376053962900507,25.72,0.04112203562718075
2000,100,0.1,0.3,25.376053962900507,26.38,0.023657501505910596
2000,100,0.1,0.3,25.376053962900507,24.5,0.021903584373051507
2000,100,0.1,0.3,25.376053962900507,25.36,-0.005050965728500923
2000,100,0.1,0.3,25.376053962900507,25.2,0.0006075814775195878
2000,100,0.1,0.3,25.376053962900507,25.08,0.012445024620345923
2000,100,0.1,0.3,25.376053962900507,26.1,0.043061782053633056
2000,100,0.1,0.3,25.376053962900507,25.1,0.004423748323862151
2000,100,0.1,0.3,25.376053962900507,25.7,0.0041277960437523555
2000,100,0.1,0.3,25.376053962900507,26.08,0.028201675817030206
2000,100,0.1,0.3,25.376053962900507,25.9,-0.02114668801826393
2000,100,0.1,0.3,25.376053962900507,25.02,0.012092527676499333
2000,100,0.1,0.3,25.376053962900507,25.52,-0.014817072235112276
2000,100,0.1,0.3,25.376053962900507,25.64,-0.013923845180197047
2000,100,0.1,0.3,25.376053962900507,25.86,0.04531436530339647
2000,100,0.1,0.3,25.376053962900507,24.58,-0.007081869987912263
2000,100,0.1,0.3,25.376053962900507,24.66,0.0026096444021977898
2000,100,0.1,0.3,25.376053962900507,25.22,0.010157269632021737
2000,100,0.1,0.3,25.376053962900507,25.38,-0.010855062120689351
2000,100,0.1,0.3,25.376053962900507,24.18,0.043404960598580435
2000,100,0.1,0.3,25.376053962900507,25.92,0.01831944662070163
2000,100,0.1,0.3,25.376053962900507,25.84,0.0005585112347396119
2000,100,0.1,0.3,25.376053962900507,24.82,0.014067659457346844
2000,100,0.1,0.3,25.376053962900507,25.4,-0.0004006788476149173
2000,100,0.1,0.3,25.376053962900507,24.56,0.014984285328947947
2000,100,0.1,0.3,25.376053962900507,25.16,-0.05085886046973105
2000,100,0.1,0.3,25.376053962900507,25.22,0.028967280975466265
2000,100,0.1,0.3,25.376053962900507,26.06,0.039479035301277644
2000,100,0.1,0.3,25.376053962900507,25.6,0.05337050000635183
2000,100,0.1,0.3,25.376053962900507,26.36,-0.010114020431851433
2000,100,0.1,0.3,25.376053962900507,25.8,0.022666349434547567
2000,100,0.1,0.3,25.376053962900507,24.88,0.030567932268854035
2000,100,0.1,0.3,25.376053962900507,25.06,0.044303914555838035
2000,100,0.1,0.3,25.376053962900507,26.06,0.022866421597001453
2000,100,0.1,0.3,25.376053962900507,25.2,0.009023849061534802
2000,100,0.1,0.3,25.376053962900507,24.26,0.01915410307474708
2000,100,0.1,0.3,25.376053962900507,25.0,0.00604815433632475
2000,100,0.1,0.3,25.376053962900507,24.56,-0.005596551992642393
2000,100,0.1,0.3,25.376053962900507,25.22,0.020553277366300342
2000,100,0.1,0.3,25.376053962900507,25.24,0.0025113635394274094
2000,100,0.1,0.3,25.376053962900507,25.84,0.010545091730420505
2000,100,0.1,0.3,25.376053962900507,25.22,0.04849027623800649
2000,100,0.1,0.3,25.376053962900507,25.86,-0.02225955816259609
2000,100,0.1,0.3,25.376053962900507,26.14,-0.006494309655810456
2000,100,0.1,0.3,25.376053962900507,25.92,0.02131570827157365
2000,100,0.1,0.5,35.81765557163531,36.22,0.009707763092567115
2000,100,0.1,0.5,35.81765557163531,35.42,0.028388431103559986
2000,100,0.1,0.5,35.81765557163531,35.56,0.023324793511756703
2000,100,0.1,0.5,35.81765557163531,36.42,-0.008886648806790715
2000,100,0.1,0.5,35.81765557163531,35.54,0.018907227933200793
2000,100,0.1,0.5,35.81765557163531,34.88,-0.007292706991777943
2000,100,0.1,0.5,35.81765557163531,35.52,-0.0007358733267551641
2000,100,0.1,0.5,35.81765557163531,36.14,0.00367919844984118
2000,100,0.1,0.5,35.81765557163531,36.04,-0.005754453882292423
2000,100,0.1,0.5,35.81765557163531,35.68,-0.005203726828567661
2000,100,0.1,0.5,35.81765557163531,35.9,-0.0018712591603454456
2000,100,0.1,0.5,35.81765557163531,36.9,-0.002716470782904602
2000,100,0.1,0.5,35.81765557163531,35.3,0.008071638239209464
2000,100,0.1,0.5,35.81765557163531,36.28,-0.0043180874668661134
2000,100,0.1,0.5,35.81765557163531,35.66,0.0058892577811896895
2000,100,0.1,0.5,35.81765557163531,35.72,0.002233099199449205
2000,100,0.1,0.5,35.81765557163531,35.36,-0.015828564894003062
2000,100,0.1,0.5,35.81765557163531,36.3,0.027924922246149776
2000,100,0.1,0.5,35.81765557163531,36.26,-0.002343936752547627
2000,100,0.1,0.5,35.81765557163531,35.5,-0.006867423928569606
2000,100,0.1,0.5,35.81765557163531,35.9,0.0009875101093969273
2000,100,0.1,0.5,35.81765557163531,35.96,0.0030970785768926145
2000,100,0.1,0.5,35.81765557163531,36.66,-0.010189949455284585
2000,100,0.1,0.5,35.81765557163531,35.58,0.009673560929034111
2000,100,0.1,0.5,35.81765557163531,36.26,0.018701324133558943
2000,100,0.1,0.5,35.81765557163531,37.36,0.005336432444425552
2000,100,0.1,0.5,35.81765557163531,35.08,0.02121338040415029
2000,100,0.1,0.5,35.81765557163531,35.26,-0.008308686044860049
2000,100,0.1,0.5,35.81765557163531,35.74,0.006008064339998014
2000,100,0.1,0.5,35.81765557163531,35.88,-0.005610000033768638
2000,100,0.1,0.5,35.81765557163531,35.98,-0.02059456167914288
2000,100,0.1,0.5,35.81765557163531,36.2,0.005029786170413225
2000,100,0.1,0.5,35.81765557163531,36.4,-0.013927802030920469
2000,100,0.1,0.5,35.81765557163531,36.28,0.0020539009576524075
2000,100,0.1,0.5,35.81765557163531,36.22,-0.02831628302945865
2000,100,0.1,0.5,35.81765557163531,35.96,0.02375712874087848
2000,100,0.1,0.5,35.81765557163531,35.34,0.001896382008814682
2000,100,0.1,0.5,35.81765557163531,36.28,0.001191127500286941
2000,100,0.1,0.5,35.81765557163531,36.4,-0.005418528154850731
2000,100,0.1,0.5,35.81765557163531,35.56,-0.008930982979127446
2000,100,0.1,0.5,35.81765557163531,35.76,-0.020191638709625436
2000,100,0.1,0.5,35.81765557163531,35.76,0.01801930387588894
2000,100,0.1,0.5,35.81765557163531,35.08,-0.0020275047408082475
2000,100,0.1,0.5,35.81765557163531,36.28,-0.0021502631548335547
2000,100,0.1,0.5,35.81765557163531,35.58,0.019259188306819334
2000,100,0.1,0.5,35.81765557163531,36.0,0.03307364813150661
2000,100,0.1,0.5,35.81765557163531,35.86,0.006829649241825175
2000,100,0.1,0.5,35.81765557163531,35.26,-0.007973961032513565
2000,100,0.1,0.5,35.81765557163531,36.46,-0.0015985171609283193
2000,100,0.1,0.5,35.81765557163531,36.2,-0.004535903350311268
2000,100,0.2,0.1,11.986547085201794,11.72,0.023480130486019272
2000,100,0.2,0.1,11.986547085201794,11.88,0.12253606214667946
2000,100,0.2,0.1,11.986547085201794,11.52,0.08463119066963652
2000,100,0.2,0.1,11.986547085201794,12.7,0.06902824442652038
2000,100,0.2,0.1,11.986547085201794,12.18,0.08711117094816037
2000,100,0.2,0.1,11.986547085201794,12.0,0.057095283655927136
2000,100,0.2,0.1,11.986547085201794,11.78,0.0038015170878160478
2000,100,0.2,0.1,11.986547085201794,11.28,0.11966373691667269
2000,100,0.2,0.1,11.986547085201794,11.9,0.05648861945517023
2000,100,0.2,0.1,11.986547085201794,11.96,0.07024156750211746
2000,100,0.2,0.1,11.986547085201794,12.36,0.07955916432201716
2000,100,0.2,0.1,11.986547085201794,11.48,0.007868359013653155
2000,100,0.2,0.1,11.986547085201794,12.5,0.09316257057953851
2000,100,0.2,0.1,11.986547085201794,12.58,0.10460057123412746
2000,100,0.2,0.1,11.986547085201794,11.74,0.007501364117592992
2000,100,0.2,0.1,11.986547085201794,12.0,-0.062318043999981663
2000,100,0.2,0.1,11.986547085201794,12.38,0.06499077614900012
2000,100,0.2,0.1,11.986547085201794,12.04,0.09571694303137551
2000,100,0.2,0.1,11.986547085201794,11.22,0.01286408441086093
2000,100,0.2,0.1,11.986547085201794,11.16,0.021836629997543502
2000,100,0.2,0.1,11.986547085201794,12.68,0.04511716147858912
2000,100,0.2,0.1,11.986547085201794,11.86,0.05676551214753845
2000,100,0.2,0.1,11.986547085201794,12.22,0.06331443845550157
2000,100,0.2,0.1,11.986547085201794,12.32,0.10775993751297297
2000,100,0.2,0.1,11.986547085201794,12.26,0.010265422890828
2000,100,0.2,0.1,11.986547085201794,12.3,0.0645969389590414
2000,100,0.2,0.1,11.986547085201794,11.32,0.09860179201731414
2000,100,0.2,0.1,11.986547085201794,10.9,0.09767176266873336
2000,100,0.2,0.1,11.986547085201794,11.82,-0.00032917138085130753
2000,100,0.2,0.1,11.986547085201794,12.58,0.03602113055450608
2000,100,0.2,0.1,11.986547085201794,12.38,0.00759554461369195
2000,100,0.2,0.1,11.986547085201794,12.34,0.05879610909755451
2000,100,0.2,0.1,11.986547085201794,12.52,0.04774760485612148
2000,100,0.2,0.1,11.986547085201794,11.56,0.07892676760218316
2000,100,0.2,0.1,11.986547085201794,12.5,0.06237209515727898
2000,100,0.2,0.1,11.986547085201794,12.2,0.09265855092237782
2000,100,0.2,0.1,11.986547085201794,12.3,0.017332624456978765
2000,100,0.2,0.1,11.986547085201794,12.42,0.10783487059078359
2000,100,0.2,0.1,11.986547085201794,11.42,0.06812643868219845
2000,100,0.2,0.1,11.986547085201794,11.36,0.0970636358698649
2000,100,0.2,0.1,11.986547085201794,12.44,0.1075010292924856
2000,100,0.2,0.1,11.986547085201794,12.16,0.053381754532739877
2000,100,0.2,0.1,11.986547085201794,11.92,0.020267598851660705
2000,100,0.2,0.1,11.986547085201794,11.5,0.03170934315866963
2000,100,0.2,0.1,11.986547085201794,12.34,0.17282836584294273
2000,100,0.2,0.1,11.986547085201794,11.92,0.07198559690194287
2000,100,0.2,0.1,11.986547085201794,12.38,0.09887085357680345
2000,100,0.2,0.1,11.986547085201794,11.36,0.0745547360286543
2000,100,0.2,0.1,11.986547085201794,11.78,0.09375127204614456
2000,100,0.2,0.1,11.986547085201794,11.38,0.08429557317540161
2000,100,0.2,0.3,27.66176470588235,26.88,0.009417728411212838
2000,100,0.2,0.3,27.66176470588235,28.2,0.01597362498072824
2000,100,0.2,0.3,27.66176470588235,28.06,0.017178317862144805
2000,100,0.2,0.3,27.66176470588235,28.24,0.006574443831335095
2000,100,0.2,0.3,27.66176470588235,27.82,0.03443979785586685
2000,100,0.2,0.3,27.66176470588235,28.46,0.04855772604497366
2000,100,0.2,0.3,27.66176470588235,27.26,-0.005015730676843362
2000,100,0.2,0.3,27.66176470588235,27.54,0.027792214708786834
2000,100,0.2,0.3,27.66176470588235,26.84,-0.017052167821838035
2000,100,0.2,0.3,27.66176470588235,27.7,-0.0033070776742964163
2000,100,0.2,0.3,27.66176470588235,27.18,-0.023407249836482666
2000,100,0.2,0.3,27.66176470588235,26.86,0.026881803334672296
2000,100,0.2,0.3,27.66176470588235,27.9,-0.0017216662208604267
2000,100,0.2,0.3,27.66176470588235,26.26,-0.044461607377776734
2000,100,0.2,0.3,27.66176470588235,28.12,0.048221359637734634
2000,100,0.2,0.3,27.66176470588235,27.52,0.011476430891736857
2000,100,0.2,0.3,27.66176470588235,27.02,-0.017511303655451876
2000,100,0.2,0.3,27.66176470588235,27.8,-0.05864080059823876
2000,100,0.2,0.3,27.66176470588235,27.62,0.010124004679263587
2000,100,0.2,0.3,27.66176470588235,27.2,-0.024858470250921135
2000,100,0.2,0.3,27.66176470588235,28.26,0.03138221731297776
2000,100,0.2,0.3,27.66176470588235,27.88,-0.002840271313917613
2000,100,0.2,0.3,27.66176470588235,27.4,0.004142937123645044
2000,100,0.2,0.3,27.66176470588235,28.18,-0.005782336056781125
2000,100,0.2,0.3,27.66176470588235,26.94,-0.004440509772645978
2000,100,0.2,0.3,27.66176470588235,27.6,-0.02271542153096259
2000,100,0.2,0.3,27.66176470588235,27.44,-0.011981263739253789
2000,100,0.2,0.3,27.66176470588235,26.76,0.04400710449698508
2000,100,0.2,0.3,27.66176470588235,26.4,0.025682649654848996
2000,100,0.2,0.3,27.66176470588235,27.48,-0.0019421003114805245
2000,100,0.2,0.3,27.66176470588235,28.22,-0.03989982134848768
2000,100,0.2,0.3,27.66176470588235,27.96,0.0367075157273381
2000,100,0.2,0.3,27.66176470588235,28.22,-0.009048375437202473
2000,100,0.2,0.3,27.66176470588235,27.32,0.027859977472785142
2000,100,0.2,0.3,27.66176470588235,28.22,-0.00042037475101010203
2000,100,0.2,0.3,27.66176470588235,27.68,0.009909444958903703
2000,100,0.2,0.3,27.66176470588235,26.96,-0.0026058495063228716
2000,100,0.2,0.3,27.66176470588235,27.42,0.03227846122951217
2000,100,0.2,0.3,27.66176470588235,27.68,-0.011248261690091185
2000,100,0.2,0.3,27.66176470588235,27.22,-0.003709622964439893
2000,100,0.2,0.3,27.66176470588235,28.14,0.044603550852710776
2000,100,0.2,0.3,27.66176470588235,27.72,0.03317767308437396
2000,100,0.2,0.3,27.66176470588235,27.58,0.020125760424883933
2000,100,0.2,0.3,27.66176470588235,27.04,-0.005428515405314183
2000,100,0.2,0.3,27.66176470588235,27.26,0.008639042380105594
2000,100,0.2,0.3,27.66176470588235,27.6,-0.01635564934736188
2000,100,0.2,0.3,27.66176470588235,27.5,-0.004097587785030619
2000,100,0.2,0.3,27.66176470588235,28.1,-0.01740275056982015
2000,100,0.2,0.3,27.66176470588235,27.1,0.03341269121994872
2000,100,0.2,0.3,27.66176470588235,28.16,-0.009754896497483193
2000,100,0.2,0.5,38.55140186915888,37.46,-0.005953012848832529
2000,100,0.2,0.5,38.55140186915888,37.74,0.0016647846713944852
2000,100,0.2,0.5,38.55140186915888,38.9,-0.00042880673697358866
2000,100,0.2,0.5,38.55140186915888,38.28,0.02535976203629035
2000,100,0.2,0.5,38.55140186915888,39.22,-0.0039834140400228715
2000,100,0.2,0.5,38.55140186915888,38.74,-0.00944133480546301
2000,100,0.2,0.5,38.55140186915888,39.04,-0.003218722344795593
2000,100,0.2,0.5,38.55140186915888,38.48,0.02074161873898089
2000,100,0.2,0.5,38.55140186915888,37.34,0.0054297467087817
2000,100,0.2,0.5,38.55140186915888,39.36,0.015584769474384308
2000,100,0.2,0.5,38.55140186915888,38.48,0.0005564444921862792
2000,100,0.2,0.5,38.55140186915888,39.34,0.00304281714933055
2000,100,0.2,0.5,38.55140186915888,38.02,0.012062725458101739
2000,100,0.2,0.5,38.55140186915888,38.08,0.006766029093580669
2000,100,0.2,0.5,38.55140186915888,38.9,-0.0038782106247021654
2000,100,0.2,0.5,38.55140186915888,38.4,0.014440217954041885
2000,100,0.2,0.5,38.55140186915888,38.36,0.0009113210303238994
2000,100,0.2,0.5,38.55140186915888,38.44,-0.012674619916027703
2000,100,0.2,0.5,38.55140186915888,38.9,-0.01556487980359151
2000,100,0.2,0.5,38.55140186915888,38.26,-0.012943587245450899
2000,100,0.2,0.5,38.55140186915888,38.26,0.025958549823645507
2000,100,0.2,0.5,38.55140186915888,39.12,-0.010102031421940189
2000,100,0.2,0.5,38.55140186915888,38.58,-0.023187057268031937
2000,100,0.2,0.5,38.55140186915888,38.24,0.004018371801612687
2000,100,0.2,0.5,38.55140186915888,38.68,0.0009115379109118444
2000,100,0.2,0.5,38.55140186915888,38.4,-0.03010652816844253
2000,100,0.2,0.5,38.55140186915888,39.28,-0.01910172644364409
2000,100,0.2,0.5,38.55140186915888,38.1,0.011639122445059158
2000,100,0.2,0.5,38.55140186915888,38.7,-0.013030589790181641
2000,100,0.2,0.5,38.55140186915888,37.92,0.0003728819834683955
2000,100,0.2,0.5,38.55140186915888,38.96,0.007884669085267979
2000,100,0.2,0.5,38.55140186915888,38.8,-0.0002511041613075964
2000,100,0.2,0.5,38.55140186915888,39.58,0.0066210107496094866
2000,100,0.2,0.5,38.55140186915888,37.98,-0.022838275840866503
2000,100,0.2,0.5,38.55140186915888,39.8,0.017540224766377815
2000,100,0.2,0.5,38.55140186915888,39.82,0.010445347616370552
2000,100,0.2,0.5,38.55140186915888,39.08,0.008186391111879786
2000,100,0.2,0.5,38.55140186915888,39.06,0.014414671199382749
2000,100,0.2,0.5,38.55140186915888,38.5,-0.0023905625128774264
2000,100,0.2,0.5,38.55140186915888,38.38,0.03990882057789658
2000,100,0.2,0.5,38.55140186915888,38.1,-0.011740497473762103
2000,100,0.2,0.5,38.55140186915888,37.84,-0.008318568998765812
2000,100,0.2,0.5,38.55140186915888,38.08,-0.013388177307937425
2000,100,0.2,0.5,38.55140186915888,37.98,-0.010923618016381254
2000,100,0.2,0.5,38.55140186915888,38.22,-0.025636606885112854
2000,100,0.2,0.5,38.55140186915888,39.0,0.0002545572291139717
2000,100,0.2,0.5,38.55140186915888,39.02,0.03555569415703649
2000,100,0.2,0.5,38.55140186915888,39.08,-0.0019056702935125688
2000,100,0.2,0.5,38.55140186915888,38.26,0.013127421046165101
2000,100,0.2,0.5,38.55140186915888,38.26,-0.007942035854373981
2000,100,0.3,0.1,13.465994962216625,14.16,0.09475417081933438
2000,100,0.3,0.1,13.465994962216625,13.2,0.048784041579905416
2000,100,0.3,0.1,13.465994962216625,12.76,0.11128383043650913
2000,100,0.3,0.1,13.465994962216625,13.54,0.029088211557730736
2000,100,0.3,0.1,13.465994962216625,15.22,0.035256675578230326
2000,100,0.3,0.1,13.465994962216625,13.52,0.04516228290269267
2000,100,0.3,0.1,13.465994962216625,13.52,0.11483613515505339
2000,100,0.3,0.1,13.465994962216625,13.9,0.09488283217074721
2000,100,0.3,0.1,13.465994962216625,13.02,-0.013484714491816019
2000,100,0.3,0.1,13.465994962216625,13.9,0.06482151375696825
2000,100,0.3,0.1,13.465994962216625,13.42,0.011245433877024232
2000,100,0.3,0.1,13.465994962216625,12.96,0.15529995013258505
2000,100,0.3,0.1,13.465994962216625,13.72,0.08937024940358647
2000,100,0.3,0.1,13.465994962216625,13.58,0.05179898962009771
2000,100,0.3,0.1,13.465994962216625,13.48,0.06517975237092812
2000,100,0.3,0.1,13.465994962216625,13.08,0.049433590322716395
2000,100,0.3,0.1,13.465994962216625,12.96,0.03575804184290618
2000,100,0.3,0.1,13.465994962216625,13.18,0.06380368240220562
2000,100,0.3,0.1,13.465994962216625,13.74,0.04245702956507071
2000,100,0.3,0.1,13.465994962216625,12.92,0.09204726950573369
2000,100,0.3,0.1,13.465994962216625,14.46,0.13945387685748337
2000,100,0.3,0.1,13.465994962216625,14.02,0.04931552994183343
2000,100,0.3,0.1,13.465994962216625,13.08,0.038675031980785736
2000,100,0.3,0.1,13.465994962216625,13.66,0.06681269242718481
2000,100,0.3,0.1,13.465994962216625,13.76,0.0994036026930088
2000,100,0.3,0.1,13.465994962216625,14.68,0.05423582119981892
2000,100,0.3,0.1,13.465994962216625,13.4,0.11264080870476502
2000,100,0.3,0.1,13.465994962216625,13.94,0.12381220305977732
2000,100,0.3,0.1,13.465994962216625,14.48,0.08187198123190702
2000,100,0.3,0.1,13.465994962216625,13.24,0.08778054989266398
2000,100,0.3,0.1,13.465994962216625,13.66,0.02991841170115093
2000,100,0.3,0.1,13.465994962216625,14.22,0.10392646143492351
2000,100,0.3,0.1,13.465994962216625,14.2,0.012505308600073652
2000,100,0.3,0.1,13.465994962216625,12.14,0.12350311362190972
2000,100,0.3,0.1,13.465994962216625,14.44,0.029455985356926357
2000,100,0.3,0.1,13.465994962216625,12.7,0.07022406690182618
2000,100,0.3,0.1,13.465994962216625,12.46,0.046014396222972716
2000,100,0.3,0.1,13.465994962216625,13.18,0.04036168992727954
2000,100,0.3,0.1,13.465994962216625,13.22,0.018779147051231477
2000,100,0.3,0.1,13.465994962216625,12.54,0.06190974349109608
2000,100,0.3,0.1,13.465994962216625,12.84,0.051313261928749854
2000,100,0.3,0.1,13.465994962216625,13.7,0.02245616055603782
2000,100,0.3,0.1,13.465994962216625,13.32,0.10635725511526099
2000,100,0.3,0.1,13.465994962216625,14.28,0.012411050790606218
2000,100,0.3,0.1,13.465994962216625,13.84,0.05555471105453241
2000,100,0.3,0.1,13.465994962216625,13.08,0.02361622257981517
2000,100,0.3,0.1,13.465994962216625,13.88,0.10336718762019818
2000,100,0.3,0.1,13.465994962216625,14.0,0.07025537309131648
2000,100,0.3,0.1,13.465994962216625,12.86,0.06760885203280051
2000,100,0.3,0.1,13.465994962216625,13.18,0.1068458592726173
2000,100,0.3,0.3,30.4,29.78,0.02347273757027033
2000,100,0.3,0.3,30.4,30.22,0.013991229960767938
2000,100,0.3,0.3,30.4,30.3,-0.015511973243494083
2000,100,0.3,0.3,30.4,31.1,0.035411165129471574
2000,100,0.3,0.3,30.4,29.88,-0.0011563458244346315
2000,100,0.3,0.3,30.4,29.84,-0.018541901884753798
2000,100,0.3,0.3,30.4,30.98,-0.009244439669247559
2000,100,0.3,0.3,30.4,30.12,0.01960368928789617
2000,100,0.3,0.3,30.4,31.5,-0.02552511083531853
2000,100,0.3,0.3,30.4,29.64,0.009378574117875406
2000,100,0.3,0.3,30.4,31.06,0.03488126945317846
2000,100,0.3,0.3,30.4,29.82,-0.04103615806337407
2000,100,0.3,0.3,30.4,30.64,0.03385593954130423
2000,100,0.3,0.3,30.4,30.84,0.035341403674910135
2000,100,0.3,0.3,30.4,29.78,0.00753813661102619
2000,100,0.3,0.3,30.4,29.34,0.011506573332185617
2000,100,0.3,0.3,30.4,30.86,-0.01092073705397324
2000,100,0.3,0.3,30.4,31.68,-0.02568946611387806
2000,100,0.3,0.3,30.4,31.12,0.041260062033357046
2000,100,0.3,0.3,30.4,30.18,-0.05908192008040526
2000,100,0.3,0.3,30.4,31.24,0.05161005557293619
2000,100,0.3,0.3,30.4,31.48,0.022783205849771764
2000,100,0.3,0.3,30.4,30.36,-0.04460912745739336
2000,100,0.3,0.3,30.4,30.4,-0.03104162888661869
2000,100,0.3,0.3,30.4,29.76,0.023617436230987717
2000,100,0.3,0.3,30.4,31.62,0.037087760857092616
2000,100,0.3,0.3,30.4,30.12,-0.014613148460403756
2000,100,0.3,0.3,30.4,29.56,0.055206839298644284
2000,100,0.3,0.3,30.4,29.96,0.005048216048174133
2000,100,0.3,0.3,30.4,29.72,-0.0009192048187443643
2000,100,0.3,0.3,30.4,30.92,0.025548519358586312
2000,100,0.3,0.3,30.4,30.28,0.002128028280007396
2000,100,0.3,0.3,30.4,30.94,0.02480893097522695
2000,100,0.3,0.3,30.4,29.66,0.023400707264408568
2000,100,0.3,0.3,30.4,30.72,-0.030519652578129282
2000,100,0.3,0.3,30.4,30.56,0.009273966145284803
2000,100,0.3,0.3,30.4,30.08,0.011907924765076714
2000,100,0.3,0.3,30.4,30.32,0.018852703415801156
2000,100,0.3,0.3,30.4,29.72,0.0022513788242730904
2000,100,0.3,0.3,30.4,30.08,0.0001858071917063883
2000,100,0.3,0.3,30.4,29.18,0.0028627663305777927
2000,100,0.3,0.3,30.4,29.68,-0.010741279836748203
2000,100,0.3,0.3,30.4,29.2,-0.005520099770124344
2000,100,0.3,0.3,30.4,31.46,-0.006962614739360815
2000,100,0.3,0.3,30.4,30.62,-0.002508148057576517
2000,100,0.3,0.3,30.4,30.56,0.019589087255334356
2000,100,0.3,0.3,30.4,30.46,0.04302869419267726
2000,100,0.3,0.3,30.4,30.24,0.03302731777389396
2000,100,0.3,0.3,30.4,29.32,0.03911778994191165
2000,100,0.3,0.3,30.4,30.94,-0.0066642519223919046
2000,100,0.3,0.5,41.73693086003373,42.1,0.010357863398002444
2000,100,0.3,0.5,41.73693086003373,41.86,0.030138358645366313
2000,100,0.3,0.5,41.73693086003373,42.04,0.00733664346396549
2000,100,0.3,0.5,41.73693086003373,42.12,-0.010204802117976834
2000,100,0.3,0.5,41.73693086003373,42.54,-0.0038705095367210147
2000,100,0.3,0.5,41.73693086003373,41.72,-0.0023550922711944415
2000,100,0.3,0.5,41.73693086003373,40.44,-0.019355093544001715
2000,100,0.3,0.5,41.73693086003373,41.96,-0.00025129439783259293
2000,100,0.3,0.5,41.73693086003373,41.2,-0.02416249570724382
2000,100,0.3,0.5,41.73693086003373,41.82,0.009174350423222764
2000,100,0.3,0.5,41.73693086003373,42.44,0.004825668554589639
2000,100,0.3,0.5,41.73693086003373,42.38,0.004657102007826109
2000,100,0.3,0.5,41.73693086003373,41.24,-0.003721901401246244
2000,100,0.3,0.5,41.73693086003373,41.98,0.014378506083168669
2000,100,0.3,0.5,41.73693086003373,41.16,0.017312207986831727
2000,100,0.3,0.5,41.73693086003373,42.16,0.01954836672511072
2000,100,0.3,0.5,41.73693086003373,42.68,0.007605538660698086
2000,100,0.3,0.5,41.73693086003373,42.24,-0.004212894369143234
2000,100,0.3,0.5,41.73693086003373,42.26,-0.010236890605571196
2000,100,0.3,0.5,41.73693086003373,42.76,-0.009127481313486696
2000,100,0.3,0.5,41.73693086003373,42.22,-0.0239815248625012
2000,100,0.3,0.5,41.73693086003373,40.58,0.030955376034204105
2000,100,0.3,0.5,41.73693086003373,41.28,0.0035919604508447096
2000,100,0.3,0.5,41.73693086003373,41.82,-0.0019044792274126468
2000,100,0.3,0.5,41.73693086003373,42.98,-0.003081230602008436
2000,100,0.3,0.5,41.73693086003373,42.78,-0.004291662518935176
2000,100,0.3,0.5,41.73693086003373,41.86,-0.003321361689633744
2000,100,0.3,0.5,41.73693086003373,41.7,-0.015969742360409437
2000,100,0.3,0.5,41.73693086003373,41.16,0.006852775996476696
2000,100,0.3,0.5,41.73693086003373,41.36,0.000658441762362007
2000,100,0.3,0.5,41.73693086003373,40.9,-0.015350704379938268
2000,100,0.3,0.5,41.73693086003373,41.32,-0.0006598511366761458
2000,100,0.3,0.5,41.73693086003373,40.96,0.01554578514586243
2000,100,0.3,0.5,41.73693086003373,42.02,-0.00456132763912602
2000,100,0.3,0.5,41.73693086003373,41.8,0.006003460536759303
2000,100,0.3,0.5,41.73693086003373,41.72,0.007495850473395537
2000,100,0.3,0.5,41.73693086003373,42.54,-0.01119482586305108
2000,100,0.3,0.5,41.73693086003373,41.36,-0.013881607041617526
2000,100,0.3,0.5,41.73693086003373,40.12,0.013440509570293871
2000,100,0.3,0.5,41.73693086003373,41.64,0.024650785967940656
2000,100,0.3,0.5,41.73693086003373,42.1,-0.011099491363813222
2000,100,0.3,0.5,41.73693086003373,41.02,-0.024679492215136555
2000,100,0.3,0.5,41.73693086003373,41.96,-0.003360068348877855
2000,100,0.3,0.5,41.73693086003373,41.52,0.008387972579656773
2000,100,0.3,0.5,41.73693086003373,42.06,-0.021274879142301847
2000,100,0.3,0.5,41.73693086003373,41.28,-0.03334889631212207
2000,100,0.3,0.5,41.73693086003373,42.86,0.01098320878461167
2000,100,0.3,0.5,41.73693086003373,41.74,-0.02190449919197062
2000,100,0.3,0.5,41.73693086003373,41.86,0.007577602833602112
2000,100,0.3,0.5,41.73693086003373,40.7,-0.0014908369888657718
2000,100,0.4,0.1,15.362068965517244,15.24,-0.012730575627803723
2000,100,0.4,0.1,15.362068965517244,15.36,0.05434730949922501
2000,100,0.4,0.1,15.362068965517244,16.06,0.08762425417275457
2000,100,0.4,0.1,15.362068965517244,15.34,0.05178033947979709
2000,100,0.4,0.1,15.362068965517244,15.92,0.07878503434879826
2000,100,0.4,0.1,15.362068965517244,15.26,0.09961693883203737
2000,100,0.4,0.1,15.362068965517244,15.04,0.061032298703855486
2000,100,0.4,0.1,15.362068965517244,14.0,0.061961924146486394
2000,100,0.4,0.1,15.362068965517244,15.58,0.08480724583695731
2000,100,0.4,0.1,15.362068965517244,13.8,0.08091897168394936
2000,100,0.4,0.1,15.362068965517244,15.2,0.024075148639483786
2000,100,0.4,0.1,15.362068965517244,14.98,-0.009103195343034644
2000,100,0.4,0.1,15.362068965517244,15.26,0.09064806641038614
2000,100,0.4,0.1,15.362068965517244,15.04,0.03681725029218859
2000,100,0.4,0.1,15.362068965517244,15.84,0.030728293491496122
2000,100,0.4,0.1,15.362068965517244,15.22,0.04508225199893618
2000,100,0.4,0.1,15.362068965517244,15.56,0.01653577119361597
2000,100,0.4,0.1,15.362068965517244,15.46,0.06515126485463597
2000,100,0.4,0.1,15.362068965517244,15.5,0.03885965539572367
2000,100,0.4,0.1,15.362068965517244,14.54,0.058147247415761494
2000,100,0.4,0.1,15.362068965517244,15.2,0.04091095991354224
2000,100,0.4,0.1,15.362068965517244,15.4,0.05494258797109353
2000,100,0.4,0.1,15.362068965517244,15.92,0.013244952457587035
2000,100,0.4,0.1,15.362068965517244,15.26,-0.026739910461037814
2000,100,0.4,0.1,15.362068965517244,14.76,-0.009316795191374369
2000,100,0.4,0.1,15.362068965517244,15.46,-0.05698554771252957
2000,100,0.4,0.1,15.362068965517244,16.26,-0.018882385856434987
2000,100,0.4,0.1,15.362068965517244,14.86,0.08222485077451248
2000,100,0.4,0.1,15.362068965517244,15.34,0.05615205292794859
2000,100,0.4,0.1,15.362068965517244,15.68,0.07472789431725797
2000,100,0.4,0.1,15.362068965517244,15.46,0.0888243593648539
2000,100,0.4,0.1,15.362068965517244,16.44,0.040085198920702655
2000,100,0.4,0.1,15.362068965517244,15.02,0.009996317941861135
2000,100,0.4,0.1,15.362068965517244,14.62,0.031483603974674215
2000,100,0.4,0.1,15.362068965517244,14.7,0.08963021643669547
2000,100,0.4,0.1,15.362068965517244,15.36,0.027800063917971886
2000,100,0.4,0.1,15.362068965517244,14.94,0.0029733725117852172
2000,100,0.4,0.1,15.362068965517244,16.22,0.15398278585744007
2000,100,0.4,0.1,15.362068965517244,14.92,0.0363593663074338
2000,100,0.4,0.1,15.362068965517244,14.82,0.025509391371022695
2000,100,0.4,0.1,15.362068965517244,15.58,0.04948723443544512
2000,100,0.4,0.1,15.362068965517244,15.22,0.01050296663665359
2000,100,0.4,0.1,15.362068965517244,14.48,0.06686769469230645
2000,100,0.4,0.1,15.362068965517244,15.38,0.08726446181189441
2000,100,0.4,0.1,15.362068965517244,15.2,0.08403205973457502
2000,100,0.4,0.1,15.362068965517244,15.8,0.07727345871921808
2000,100,0.4,0.1,15.362068965517244,15.38,0.04560500556304333
2000,100,0.4,0.1,15.362068965517244,16.48,0.07506674745033137
2000,100,0.4,0.1,15.362068965517244,14.76,0.0371508206067611
2000,100,0.4,0.1,15.362068965517244,15.3,0.1261052825078893
2000,100,0.4,0.3,33.73991031390134,33.36,0.049093965730056636
2000,100,0.4,0.3,33.73991031390134,33.24,0.004020073816050752
2000,100,0.4,0.3,33.73991031390134,33.94,-0.006691816452643491
2000,100,0.4,0.3,33.73991031390134,33.0,0.0013527799375466238
2000,100,0.4,0.3,33.73991031390134,33.98,-0.015008952539578978
2000,100,0.4,0.3,33.73991031390134,33.42,-0.02454560643571169
2000,100,0.4,0.3,33.73991031390134,33.84,0.033449585827843444
2000,100,0.4,0.3,33.73991031390134,32.98,0.007123202886330848
2000,100,0.4,0.3,33.73991031390134,34.28,0.02324836020431232
2000,100,0.4,0.3,33.73991031390134,35.08,0.016120836221395863
2000,100,0.4,0.3,33.73991031390134,33.26,0.02540544101724108
2000,100,0.4,0.3,33.73991031390134,34.66,-0.009678308009735168
2000,100,0.4,0.3,33.73991031390134,34.8,0.022426701435600153
2000,100,0.4,0.3,33.73991031390134,34.84,0.024922307897458546
2000,100,0.4,0.3,33.73991031390134,34.58,0.018446195414266356
2000,100,0.4,0.3,33.73991031390134,32.96,0.004744681724845468
2000,100,0.4,0.3,33.73991031390134,33.86,0.03931775162616847
2000,100,0.4,0.3,33.73991031390134,33.52,0.00882831901580354
2000,100,0.4,0.3,33.73991031390134,34.88,0.007936566156086365
2000,100,0.4,0.3,33.73991031390134,34.22,0.006976116500099598
2000,100,0.4,0.3,33.73991031390134,33.56,0.02792104388745344
2000,100,0.4,0.3,33.73991031390134,35.06,0.025048027242160376
2000,100,0.4,0.3,33.73991031390134,34.96,0.008965263149873792
2000,100,0.4,0.3,33.73991031390134,33.16,-0.001709568325204089
2000,100,0.4,0.3,33.73991031390134,33.76,-0.001765017118691086
2000,100,0.4,0.3,33.73991031390134,32.22,0.02223370133933836
2000,100,0.4,0.3,33.73991031390134,34.3,-0.0011606442249797182
2000,100,0.4,0.3,33.73991031390134,33.06,-0.005162297082740709
2000,100,0.4,0.3,33.73991031390134,33.36,-0.006131313336181143
2000,100,0.4,0.3,33.73991031390134,34.26,0.043961527532504374
2000,100,0.4,0.3,33.73991031390134,34.06,-0.006325273106418631
2000,100,0.4,0.3,33.73991031390134,33.94,0.0019351211645036465
2000,100,0.4,0.3,33.73991031390134,34.56,-0.005956585260046831
2000,100,0.4,0.3,33.73991031390134,33.02,-0.01718980884080137
2000,100,0.4,0.3,33.73991031390134,35.14,0.0011584214474764753
2000,100,0.4,0.3,33.73991031390134,33.02,0.012302298036062122
2000,100,0.4,0.3,33.73991031390134,32.7,0.0056818513125883666
2000,100,0.4,0.3,33.73991031390134,33.8,0.0001801958998470239
2000,100,0.4,0.3,33.73991031390134,31.86,-0.029641046965533484
2000,100,0.4,0.3,33.73991031390134,34.3,0.02468720896372732
2000,100,0.4,0.3,33.73991031390134,35.04,-0.026325687560463683
2000,100,0.4,0.3,33.73991031390134,32.22,0.006733110270039085
2000,100,0.4,0.3,33.73991031390134,31.9,0.030504449214119184
2000,100,0.4,0.3,33.73991031390134,34.46,0.018593878395648796
2000,100,0.4,0.3,33.73991031390134,34.52,-0.011783364837472436
2000,100,0.4,0.3,33.73991031390134,33.86,-0.036935671679391636
2000,100,0.4,0.3,33.73991031390134,32.96,0.010611827002383589
2000,100,0.4,0.3,33.73991031390134,32.56,-0.008816416060582064
2000,100,0.4,0.3,33.73991031390134,33.86,-0.018634155181317724
2000,100,0.4,0.3,33.73991031390134,33.36,-0.004171024572802488
2000,100,0.4,0.5,45.49632352941177,45.72,-0.01433813633090326
2000,100,0.4,0.5,45.49632352941177,45.58,0.009676318493116108
2000,100,0.4,0.5,45.49632352941177,46.36,-0.005043813037503902
2000,100,0.4,0.5,45.49632352941177,46.26,-0.006477178926044003
2000,100,0.4,0.5,45.49632352941177,45.48,0.0013958644329801148
2000,100,0.4,0.5,45.49632352941177,46.34,0.007504242699243046
2000,100,0.4,0.5,45.49632352941177,44.96,0.01999536542548173
2000,100,0.4,0.5,45.49632352941177,45.2,0.005634780397067467
2000,100,0.4,0.5,45.49632352941177,44.82,0.007717568307460771
2000,100,0.4,0.5,45.49632352941177,44.96,-0.009171993097779826
2000,100,0.4,0.5,45.49632352941177,45.7,-0.010540145125398
2000,100,0.4,0.5,45.49632352941177,45.18,0.005849421170234579
2000,100,0.4,0.5,45.49632352941177,46.54,0.019142162982600054
2000,100,0.4,0.5,45.49632352941177,44.56,-0.0005781045944416066
2000,100,0.4,0.5,45.49632352941177,45.94,-0.01690672524999352
2000,100,0.4,0.5,45.49632352941177,45.22,-0.011249460034431431
2000,100,0.4,0.5,45.49632352941177,46.02,-0.0014276671653494781
2000,100,0.4,0.5,45.49632352941177,45.8,0.006428769563801545
2000,100,0.4,0.5,45.49632352941177,45.06,0.010609493804371808
2000,100,0.4,0.5,45.49632352941177,44.54,0.005455494793803479
2000,100,0.4,0.5,45.49632352941177,45.84,0.008020983300682103
2000,100,0.4,0.5,45.49632352941177,44.66,0.0017063311192731692
2000,100,0.4,0.5,45.49632352941177,44.82,0.00063152695095549
2000,100,0.4,0.5,45.49632352941177,44.94,0.01122109861481333
2000,100,0.4,0.5,45.49632352941177,45.68,-0.00278407026708526
2000,100,0.4,0.5,45.49632352941177,46.06,-0.0006062134750884367
2000,100,0.4,0.5,45.49632352941177,44.84,-0.002745308850359498
2000,100,0.4,0.5,45.49632352941177,45.46,-0.006602504543272196
2000,100,0.4,0.5,45.49632352941177,45.22,0.006210001217474861
2000,100,0.4,0.5,45.49632352941177,46.1,-0.010937802132665885
2000,100,0.4,0.5,45.49632352941177,44.96,0.006570124301234426
2000,100,0.4,0.5,45.49632352941177,45.38,-0.008500466965610985
2000,100,0.4,0.5,45.49632352941177,45.22,0.014117635794203278
2000,100,0.4,0.5,45.49632352941177,45.74,-0.003742871117156913
2000,100,0.4,0.5,45.49632352941177,45.76,-0.010875147439552748
2000,100,0.4,0.5,45.49632352941177,44.8,-0.041200542406500465
2000,100,0.4,0.5,45.49632352941177,46.66,0.02977246860730724
2000,100,0.4,0.5,45.49632352941177,43.32,0.005059980670272963
2000,100,0.4,0.5,45.49632352941177,45.28,-0.01274104559887492
2000,100,0.4,0.5,45.49632352941177,45.7,-0.002927380206165464
2000,100,0.4,0.5,45.49632352941177,45.68,-0.02372919443650734
2000,100,0.4,0.5,45.49632352941177,44.6,-0.009885516586854978
2000,100,0.4,0.5,45.49632352941177,46.3,0.0038708140183961234
2000,100,0.4,0.5,45.49632352941177,44.74,-0.012879321979619586
2000,100,0.4,0.5,45.49632352941177,45.6,0.001853462106615287
2000,100,0.4,0.5,45.49632352941177,44.8,-0.017262471506656787
2000,100,0.4,0.5,45.49632352941177,45.12,-0.026562644317751318
2000,100,0.4,0.5,45.49632352941177,45.16,0.021564784707422246
2000,100,0.4,0.5,45.49632352941177,45.42,0.017852456256153827
2000,100,0.4,0.5,45.49632352941177,45.5,-0.019383387593393128
2000,100,0.5,0.1,17.87959866220736,18.78,0.005597489902399932
2000,100,0.5,0.1,17.87959866220736,17.98,0.02331391021525485
2000,100,0.5,0.1,17.87959866220736,17.58,0.07362376071058248
2000,100,0.5,0.1,17.87959866220736,18.26,0.058381814864018416
2000,100,0.5,0.1,17.87959866220736,17.98,0.018844360735997323
2000,100,0.5,0.1,17.87959866220736,17.66,0.10439753436165407
2000,100,0.5,0.1,17.87959866220736,18.02,0.09418157477435467
2000,100,0.5,0.1,17.87959866220736,17.16,0.08913448257343232
2000,100,0.5,0.1,17.87959866220736,16.58,0.06880400663309812
2000,100,0.5,0.1,17.87959866220736,17.38,0.06341484753331354
2000,100,0.5,0.1,17.87959866220736,19.12,0.05403315548667265
2000,100,0.5,0.1,17.87959866220736,17.54,0.04634699652460013
2000,100,0.5,0.1,17.87959866220736,17.68,0.05279429858678447
2000,100,0.5,0.1,17.87959866220736,16.42,0.06514067223535791
2000,100,0.5,0.1,17.87959866220736,17.42,0.08191733069268467
2000,100,0.5,0.1,17.87959866220736,16.88,0.012056293588477821
2000,100,0.5,0.1,17.87959866220736,16.82,0.048951215890350674
2000,100,0.5,0.1,17.87959866220736,17.3,0.06743928490103127
2000,100,0.5,0.1,17.87959866220736,19.08,0.07586674877397222
2000,100,0.5,0.1,17.87959866220736,18.54,0.053089429150827455
2000,100,0.5,0.1,17.87959866220736,16.9,0.028891978440632803
2000,100,0.5,0.1,17.87959866220736,19.14,0.057454176906807604
2000,100,0.5,0.1,17.87959866220736,18.08,0.11371182889579119
2000,100,0.5,0.1,17.87959866220736,18.02,0.07212166451026306
2000,100,0.5,0.1,17.87959866220736,17.28,0.10594358410674486
2000,100,0.5,0.1,17.87959866220736,17.46,0.021478075434416793
2000,100,0.5,0.1,17.87959866220736,17.12,0.04958644913818768
2000,100,0.5,0.1,17.87959866220736,16.38,0.03671476991940745
2000,100,0.5,0.1,17.87959866220736,19.1,-0.02086376128440763
2000,100,0.5,0.1,17.87959866220736,17.76,-0.010711074293336675
2000,100,0.5,0.1,17.87959866220736,18.08,0.01198975837784977
2000,100,0.5,0.1,17.87959866220736,17.16,0.038997133017720904
2000,100,0.5,0.1,17.87959866220736,17.5,0.1029229120207953
2000,100,0.5,0.1,17.87959866220736,17.16,0.007905818786051337
2000,100,0.5,0.1,17.87959866220736,17.86,0.0831607475119002
2000,100,0.5,0.1,17.87959866220736,16.82,0.07324490110136267
2000,100,0.5,0.1,17.87959866220736,17.7,0.04154730058974694
2000,100,0.5,0.1,17.87959866220736,19.06,0.061273281307458786
2000,100,0.5,0.1,17.87959866220736,16.92,0.10175953384186162
2000,100,0.5,0.1,17.87959866220736,19.54,0.10706103760195049
2000,100,0.5,0.1,17.87959866220736,17.62,0.03301472404314686
2000,100,0.5,0.1,17.87959866220736,18.02,0.03810169366858231
2000,100,0.5,0.1,17.87959866220736,17.18,0.041542293210992086
2000,100,0.5,0.1,17.87959866220736,17.34,0.03759758421254675
2000,100,0.5,0.1,17.87959866220736,17.02,0.023751238191469876
2000,100,0.5,0.1,17.87959866220736,18.2,0.13744921071358632
2000,100,0.5,0.1,17.87959866220736,18.64,0.021581334727289507
2000,100,0.5,0.1,17.87959866220736,18.96,0.012283604817272191
2000,100,0.5,0.1,17.87959866220736,17.72,0.04033268399969627
2000,100,0.5,0.1,17.87959866220736,17.48,0.09094014759224775
2000,100,0.5,0.3,37.904282115869016,38.86,0.008534302813109984
2000,100,0.5,0.3,37.904282115869016,38.06,0.002516136884716443
2000,100,0.5,0.3,37.904282115869016,38.22,-0.008915931665824136
2000,100,0.5,0.3,37.904282115869016,37.44,0.01738722008249642
2000,100,0.5,0.3,37.904282115869016,37.38,0.0014937598285417293
2000,100,0.5,0.3,37.904282115869016,37.64,0.040246261701741615
2000,100,0.5,0.3,37.904282115869016,37.44,-8.057171398137859e-5
2000,100,0.5,0.3,37.904282115869016,38.48,-0.005225278487919599
2000,100,0.5,0.3,37.904282115869016,38.64,-0.007488204784904017
2000,100,0.5,0.3,37.904282115869016,38.02,0.0042621051640460315
2000,100,0.5,0.3,37.904282115869016,37.76,0.027005848551855293
2000,100,0.5,0.3,37.904282115869016,38.04,0.006126525297832517
2000,100,0.5,0.3,37.904282115869016,38.26,-0.009388782802340366
2000,100,0.5,0.3,37.904282115869016,37.4,-0.009392800132447785
2000,100,0.5,0.3,37.904282115869016,36.5,-0.0009644688472182015
2000,100,0.5,0.3,37.904282115869016,38.92,0.003230060386494628
2000,100,0.5,0.3,37.904282115869016,37.4,0.02306457865363197
2000,100,0.5,0.3,37.904282115869016,38.12,0.020578494134454842
2000,100,0.5,0.3,37.904282115869016,37.62,0.05707718848236866
2000,100,0.5,0.3,37.904282115869016,38.04,-0.00700068680312758
2000,100,0.5,0.3,37.904282115869016,39.3,0.038448114477187136
2000,100,0.5,0.3,37.904282115869016,38.28,0.009509723363458173
2000,100,0.5,0.3,37.904282115869016,36.02,0.013768514478152192
2000,100,0.5,0.3,37.904282115869016,37.5,0.012503795935993272
2000,100,0.5,0.3,37.904282115869016,38.86,0.0013816001740523233
2000,100,0.5,0.3,37.904282115869016,36.96,-0.0026086462873967545
2000,100,0.5,0.3,37.904282115869016,37.86,-0.008966780600551007
2000,100,0.5,0.3,37.904282115869016,37.16,-0.014220804490282476
2000,100,0.5,0.3,37.904282115869016,36.5,0.021567639492883785
2000,100,0.5,0.3,37.904282115869016,38.18,0.05394054437931268
2000,100,0.5,0.3,37.904282115869016,37.92,0.027084458537320933
2000,100,0.5,0.3,37.904282115869016,38.3,0.013481015332306084
2000,100,0.5,0.3,37.904282115869016,39.04,-0.024594790547786995
2000,100,0.5,0.3,37.904282115869016,38.68,0.01992390512379943
2000,100,0.5,0.3,37.904282115869016,36.88,0.006542536999007722
2000,100,0.5,0.3,37.904282115869016,37.32,0.035063382847525776
2000,100,0.5,0.3,37.904282115869016,37.7,-0.007959917062852175
2000,100,0.5,0.3,37.904282115869016,38.22,0.0070782548193874875
2000,100,0.5,0.3,37.904282115869016,38.86,-0.0016099442325108772
2000,100,0.5,0.3,37.904282115869016,37.02,0.005296984004435893
2000,100,0.5,0.3,37.904282115869016,38.88,0.00019443600169677025
2000,100,0.5,0.3,37.904282115869016,37.38,0.014339958056501474
2000,100,0.5,0.3,37.904282115869016,38.48,0.036228945136983076
2000,100,0.5,0.3,37.904282115869016,38.12,0.025794154395859047
2000,100,0.5,0.3,37.904282115869016,39.1,-0.006682123518052801
2000,100,0.5,0.3,37.904282115869016,36.4,-0.003540447300419617
2000,100,0.5,0.3,37.904282115869016,38.74,0.004195800100250398
2000,100,0.5,0.3,37.904282115869016,38.0,0.00901646678026765
2000,100,0.5,0.3,37.904282115869016,36.58,-0.013535409730661899
2000,100,0.5,0.3,37.904282115869016,37.3,0.009864934929838644
2000,100,0.5,0.5,50.0,50.0,-0.004379037105845392
2000,100,0.5,0.5,50.0,50.64,-0.010318955202569698
2000,100,0.5,0.5,50.0,51.56,-0.01717042801074183
2000,100,0.5,0.5,50.0,49.22,-0.011572274190875318
2000,100,0.5,0.5,50.0,49.7,0.006185974546813926
2000,100,0.5,0.5,50.0,50.04,0.016107502399638856
2000,100,0.5,0.5,50.0,49.7,0.006494634242789832
2000,100,0.5,0.5,50.0,50.12,0.0275177443885885
2000,100,0.5,0.5,50.0,49.52,0.007843882965489773
2000,100,0.5,0.5,50.0,51.04,-0.004979587725743209
2000,100,0.5,0.5,50.0,52.36,0.019218300339743
2000,100,0.5,0.5,50.0,49.68,0.0044603612373512284
2000,100,0.5,0.5,50.0,50.28,0.005048758175312107
2000,100,0.5,0.5,50.0,49.9,0.0007798618655683395
2000,100,0.5,0.5,50.0,48.74,-0.022852255840089958
2000,100,0.5,0.5,50.0,48.56,0.022714139210014427
2000,100,0.5,0.5,50.0,50.64,0.020076901551914612
2000,100,0.5,0.5,50.0,49.58,0.0006287129171514636
2000,100,0.5,0.5,50.0,49.4,0.008298701690138556
2000,100,0.5,0.5,50.0,49.76,-0.02217207789371698
2000,100,0.5,0.5,50.0,49.46,-0.006796949913563639
2000,100,0.5,0.5,50.0,51.18,-0.003215252588582677
2000,100,0.5,0.5,50.0,49.08,-0.003189579073114496
2000,100,0.5,0.5,50.0,49.94,-0.00612084339960933
2000,100,0.5,0.5,50.0,49.82,-0.01111886418547627
2000,100,0.5,0.5,50.0,51.06,-0.00978191825909055
2000,100,0.5,0.5,50.0,50.2,-0.031368453164684965
2000,100,0.5,0.5,50.0,49.52,0.011499371992780841
2000,100,0.5,0.5,50.0,48.8,-0.015476720477419537
2000,100,0.5,0.5,50.0,50.08,-0.044885414798941
2000,100,0.5,0.5,50.0,49.52,0.0112642067135252
2000,100,0.5,0.5,50.0,49.5,-0.005868915021902702
2000,100,0.5,0.5,50.0,50.78,0.002835378302743489
2000,100,0.5,0.5,50.0,49.74,-0.00035502222658608944
2000,100,0.5,0.5,50.0,51.44,0.026069442319289607
2000,100,0.5,0.5,50.0,51.26,-0.0058449916286369245
2000,100,0.5,0.5,50.0,50.44,-0.01319965666494144
2000,100,0.5,0.5,50.0,50.98,-0.011357422024637022
2000,100,0.5,0.5,50.0,49.12,-0.013227267315216217
2000,100,0.5,0.5,50.0,50.12,0.010386338946141377
2000,100,0.5,0.5,50.0,49.4,-0.007882097705910135
2000,100,0.5,0.5,50.0,49.56,0.0443085403896086
2000,100,0.5,0.5,50.0,49.14,-0.009312673818757177
2000,100,0.5,0.5,50.0,49.42,-0.013399691105072758
2000,100,0.5,0.5,50.0,51.12,0.019713553290731243
2000,100,0.5,0.5,50.0,49.86,0.009789385423689291
2000,100,0.5,0.5,50.0,51.22,-0.005789133713431924
2000,100,0.5,0.5,50.0,49.72,0.02162061514002823
2000,100,0.5,0.5,50.0,49.34,0.008900799682991078
2000,100,0.5,0.5,50.0,50.02,0.012668539480461795
2000,100,0.6,0.1,21.384,20.74,0.0962566588848641
2000,100,0.6,0.1,21.384,19.12,0.011365775570444285
2000,100,0.6,0.1,21.384,21.24,0.031919085082016754
2000,100,0.6,0.1,21.384,21.9,0.04896330738462266
2000,100,0.6,0.1,21.384,22.04,0.0022548254183264
2000,100,0.6,0.1,21.384,21.12,0.06562354332630853
2000,100,0.6,0.1,21.384,22.3,0.023793175767188597
2000,100,0.6,0.1,21.384,19.52,0.12088419910089233
2000,100,0.6,0.1,21.384,23.2,0.09854050336245548
2000,100,0.6,0.1,21.384,22.16,0.09777830510625588
2000,100,0.6,0.1,21.384,20.44,0.09884266621927464
2000,100,0.6,0.1,21.384,21.18,0.02362249374076306
2000,100,0.6,0.1,21.384,21.0,0.024586568270155852
2000,100,0.6,0.1,21.384,21.62,0.042181431691676624
2000,100,0.6,0.1,21.384,24.18,0.09228694505548628
2000,100,0.6,0.1,21.384,21.36,0.030267753704163066
2000,100,0.6,0.1,21.384,20.58,-0.038131244958415494
2000,100,0.6,0.1,21.384,20.84,0.07610741789229636
2000,100,0.6,0.1,21.384,22.26,0.06271447642218114
2000,100,0.6,0.1,21.384,20.88,0.051680477271576965
2000,100,0.6,0.1,21.384,21.46,0.1643735483653326
2000,100,0.6,0.1,21.384,21.0,0.056444432695787514
2000,100,0.6,0.1,21.384,21.26,0.039616699550028965
2000,100,0.6,0.1,21.384,21.0,0.060563320714840545
2000,100,0.6,0.1,21.384,20.66,0.049513771288837716
2000,100,0.6,0.1,21.384,23.72,0.038255698230797656
2000,100,0.6,0.1,21.384,22.66,-0.017909000764149596
2000,100,0.6,0.1,21.384,19.72,0.0675882745715993
2000,100,0.6,0.1,21.384,20.92,0.038013870103840365
2000,100,0.6,0.1,21.384,21.8,-0.0059817303121911395
2000,100,0.6,0.1,21.384,21.56,0.005338748087175569
2000,100,0.6,0.1,21.384,23.24,0.07820325505031203
2000,100,0.6,0.1,21.384,21.88,-0.00973536184034138
2000,100,0.6,0.1,21.384,22.42,-0.001838013414846239
2000,100,0.6,0.1,21.384,20.38,0.08697808030359816
2000,100,0.6,0.1,21.384,20.94,0.06287104553367157
2000,100,0.6,0.1,21.384,22.5,-0.028969657360278653
2000,100,0.6,0.1,21.384,20.84,0.023215963399457158
2000,100,0.6,0.1,21.384,21.64,0.04009259525621447
2000,100,0.6,0.1,21.384,20.9,0.04621165393140686
2000,100,0.6,0.1,21.384,23.14,0.02419741841910889
2000,100,0.6,0.1,21.384,20.34,0.01913826243573461
2000,100,0.6,0.1,21.384,21.4,0.07059148731380743
2000,100,0.6,0.1,21.384,21.56,0.01896476033340693
2000,100,0.6,0.1,21.384,20.1,0.09811365368940572
2000,100,0.6,0.1,21.384,22.28,0.06356092552314531
2000,100,0.6,0.1,21.384,21.74,0.0707070986133937
2000,100,0.6,0.1,21.384,20.44,0.05638717783488718
2000,100,0.6,0.1,21.384,20.3,0.09418844586510351
2000,100,0.6,0.1,21.384,20.68,0.019303961308270595
2000,100,0.6,0.3,43.24137931034483,44.18,-0.0156767958578605
2000,100,0.6,0.3,43.24137931034483,41.52,-0.012023531029709896
2000,100,0.6,0.3,43.24137931034483,44.28,0.017059306456646193
2000,100,0.6,0.3,43.24137931034483,42.44,-0.017332596469205885
2000,100,0.6,0.3,43.24137931034483,44.06,0.013326473043357951
2000,100,0.6,0.3,43.24137931034483,44.58,-0.02059295097620614
2000,100,0.6,0.3,43.24137931034483,43.92,-0.011382036455162683
2000,100,0.6,0.3,43.24137931034483,43.4,-0.016701096484740087
2000,100,0.6,0.3,43.24137931034483,43.68,0.002452065468383043
2000,100,0.6,0.3,43.24137931034483,42.16,0.009274105284808156
2000,100,0.6,0.3,43.24137931034483,44.18,0.007354141991227652
2000,100,0.6,0.3,43.24137931034483,42.06,-0.02093103221542045
2000,100,0.6,0.3,43.24137931034483,44.22,0.0047842952313406914
2000,100,0.6,0.3,43.24137931034483,44.06,0.013318727372199846
2000,100,0.6,0.3,43.24137931034483,43.92,-0.0023696276538427733
2000,100,0.6,0.3,43.24137931034483,45.48,-0.014177415862750075
2000,100,0.6,0.3,43.24137931034483,43.76,-0.015874278747477818
2000,100,0.6,0.3,43.24137931034483,42.56,-0.012362634162023052
2000,100,0.6,0.3,43.24137931034483,44.44,0.01373829456596914
2000,100,0.6,0.3,43.24137931034483,43.04,-0.012594237037649609
2000,100,0.6,0.3,43.24137931034483,42.88,-0.03609639136979888
2000,100,0.6,0.3,43.24137931034483,42.04,0.027924043509756177
2000,100,0.6,0.3,43.24137931034483,41.58,-0.005065172902792944
2000,100,0.6,0.3,43.24137931034483,43.72,-0.03798830466746844
2000,100,0.6,0.3,43.24137931034483,44.24,0.02043641532079902
2000,100,0.6,0.3,43.24137931034483,44.24,0.021780356184116268
2000,100,0.6,0.3,43.24137931034483,43.42,0.023395198909117978
2000,100,0.6,0.3,43.24137931034483,43.3,0.02037941194751848
2000,100,0.6,0.3,43.24137931034483,42.94,-0.01295940867319398
2000,100,0.6,0.3,43.24137931034483,44.12,-0.00365008496229094
2000,100,0.6,0.3,43.24137931034483,44.26,0.02512408705311779
2000,100,0.6,0.3,43.24137931034483,43.22,0.03832565607676141
2000,100,0.6,0.3,43.24137931034483,43.76,0.033258046880336
2000,100,0.6,0.3,43.24137931034483,41.94,0.00174410411963931
2000,100,0.6,0.3,43.24137931034483,44.62,-0.017931612996078285
2000,100,0.6,0.3,43.24137931034483,43.42,0.013848422742239566
2000,100,0.6,0.3,43.24137931034483,43.4,0.004926043842135296
2000,100,0.6,0.3,43.24137931034483,44.1,0.010025878145889755
2000,100,0.6,0.3,43.24137931034483,43.9,-0.028187689984769622
2000,100,0.6,0.3,43.24137931034483,42.98,0.0034692309112668213
2000,100,0.6,0.3,43.24137931034483,45.86,-0.009804917977663228
2000,100,0.6,0.3,43.24137931034483,43.34,0.0014343611482905531
2000,100,0.6,0.3,43.24137931034483,43.04,-0.0040419807492500385
2000,100,0.6,0.3,43.24137931034483,43.02,0.018356635219201695
2000,100,0.6,0.3,43.24137931034483,43.92,-0.004523254958010517
2000,100,0.6,0.3,43.24137931034483,42.68,-0.014317886433442
2000,100,0.6,0.3,43.24137931034483,43.76,0.007128571318827663
2000,100,0.6,0.3,43.24137931034483,43.98,-0.004207772303909288
2000,100,0.6,0.3,43.24137931034483,41.62,0.045425390690239875
2000,100,0.6,0.3,43.24137931034483,43.26,0.00772015110135855
2000,100,0.6,0.5,55.493273542600896,55.8,-0.003057383662458603
2000,100,0.6,0.5,55.493273542600896,56.4,-0.009302481753563862
2000,100,0.6,0.5,55.493273542600896,55.08,0.002514185963257417
2000,100,0.6,0.5,55.493273542600896,56.1,-0.007745934279717256
2000,100,0.6,0.5,55.493273542600896,55.48,0.0002282857604771729
2000,100,0.6,0.5,55.493273542600896,56.22,0.010867583159315885
2000,100,0.6,0.5,55.493273542600896,54.06,-0.009970731778776951
2000,100,0.6,0.5,55.493273542600896,55.32,-0.0010018987953115017
2000,100,0.6,0.5,55.493273542600896,55.88,0.0041428194476352586
2000,100,0.6,0.5,55.493273542600896,56.18,-0.006325908926453801
2000,100,0.6,0.5,55.493273542600896,55.72,-0.010774285364944913
2000,100,0.6,0.5,55.493273542600896,55.32,-0.013847901302816282
2000,100,0.6,0.5,55.493273542600896,56.06,-0.0009755644672301469
2000,100,0.6,0.5,55.493273542600896,55.3,-0.0008361417040959031
2000,100,0.6,0.5,55.493273542600896,55.36,0.004493190919801462
2000,100,0.6,0.5,55.493273542600896,54.94,-0.011131821823871974
2000,100,0.6,0.5,55.493273542600896,54.96,-0.004186636384264845
2000,100,0.6,0.5,55.493273542600896,55.5,0.003272649739769846
2000,100,0.6,0.5,55.493273542600896,55.66,-0.008391825716348467
2000,100,0.6,0.5,55.493273542600896,54.7,-0.0032332380846512567
2000,100,0.6,0.5,55.493273542600896,53.92,0.008536050616094698
2000,100,0.6,0.5,55.493273542600896,56.3,-0.015262056888065664
2000,100,0.6,0.5,55.493273542600896,55.52,-0.01696199192702534
2000,100,0.6,0.5,55.493273542600896,55.5,0.004942491878200675
2000,100,0.6,0.5,55.493273542600896,55.64,0.0010292189522553379
2000,100,0.6,0.5,55.493273542600896,55.7,-0.012008586739449491
2000,100,0.6,0.5,55.493273542600896,54.86,-0.024034672074139833
2000,100,0.6,0.5,55.493273542600896,55.88,0.02202472259402908
2000,100,0.6,0.5,55.493273542600896,55.48,-0.006424621160785831
2000,100,0.6,0.5,55.493273542600896,55.4,0.0005290326918593103
2000,100,0.6,0.5,55.493273542600896,54.94,-0.008034190839097673
2000,100,0.6,0.5,55.493273542600896,56.24,-0.012598859451382574
2000,100,0.6,0.5,55.493273542600896,54.74,0.0020140014308877574
2000,100,0.6,0.5,55.493273542600896,56.66,0.004580587878893568
2000,100,0.6,0.5,55.493273542600896,54.6,0.011513607698584552
2000,100,0.6,0.5,55.493273542600896,55.46,-0.022294008553435832
2000,100,0.6,0.5,55.493273542600896,54.1,-0.011295404168940891
2000,100,0.6,0.5,55.493273542600896,54.86,-0.007484943341929003
2000,100,0.6,0.5,55.493273542600896,55.26,-0.0005635073800566026
2000,100,0.6,0.5,55.493273542600896,53.98,0.011566697879650518
2000,100,0.6,0.5,55.493273542600896,55.12,-0.008637149570540889
2000,100,0.6,0.5,55.493273542600896,54.98,-0.0008715377081001066
2000,100,0.6,0.5,55.493273542600896,55.04,0.004776596539661322
2000,100,0.6,0.5,55.493273542600896,53.84,0.021092068474780973
2000,100,0.6,0.5,55.493273542600896,54.96,-0.004265695088704
2000,100,0.6,0.5,55.493273542600896,54.68,0.004353609582203138
2000,100,0.6,0.5,55.493273542600896,55.24,-0.003508391748725164
2000,100,0.6,0.5,55.493273542600896,54.86,0.002958276636808064
2000,100,0.6,0.5,55.493273542600896,56.16,-0.007236115283784215
2000,100,0.6,0.5,55.493273542600896,56.2,0.007997941105852455
2000,100,0.7,0.1,26.597014925373134,26.2,0.04182645901499822
2000,100,0.7,0.1,26.597014925373134,25.38,0.023104059726434485
2000,100,0.7,0.1,26.597014925373134,26.34,0.051431866848617544
2000,100,0.7,0.1,26.597014925373134,27.02,0.02801827630346232
2000,100,0.7,0.1,26.597014925373134,25.84,0.03319269634105201
2000,100,0.7,0.1,26.597014925373134,24.54,0.00637695071944785
2000,100,0.7,0.1,26.597014925373134,26.42,0.010505876615811035
2000,100,0.7,0.1,26.597014925373134,26.66,0.06187265325124388
2000,100,0.7,0.1,26.597014925373134,27.28,0.029430405017815395
2000,100,0.7,0.1,26.597014925373134,26.44,0.13685647143460486
2000,100,0.7,0.1,26.597014925373134,26.4,-0.038670384880080455
2000,100,0.7,0.1,26.597014925373134,26.64,0.06267477165139786
2000,100,0.7,0.1,26.597014925373134,26.32,0.005865188368187974
2000,100,0.7,0.1,26.597014925373134,26.7,0.006866320132318341
2000,100,0.7,0.1,26.597014925373134,27.18,0.06985336777715366
2000,100,0.7,0.1,26.597014925373134,26.42,0.06429242001413067
2000,100,0.7,0.1,26.597014925373134,23.6,-0.03462807601753002
2000,100,0.7,0.1,26.597014925373134,28.54,0.03711867240898165
2000,100,0.7,0.1,26.597014925373134,26.38,0.02679132174591473
2000,100,0.7,0.1,26.597014925373134,26.54,0.05401404822440069
2000,100,0.7,0.1,26.597014925373134,26.34,0.10103637451160191
2000,100,0.7,0.1,26.597014925373134,26.84,0.056116677471013815
2000,100,0.7,0.1,26.597014925373134,28.04,0.09762506643350137
2000,100,0.7,0.1,26.597014925373134,27.56,0.05777829608723415
2000,100,0.7,0.1,26.597014925373134,29.12,0.04120136359755617
2000,100,0.7,0.1,26.597014925373134,27.32,0.01856130989249789
2000,100,0.7,0.1,26.597014925373134,26.34,0.02348107377016307
2000,100,0.7,0.1,26.597014925373134,26.32,0.08019541618378889
2000,100,0.7,0.1,26.597014925373134,29.1,0.043193793759502226
2000,100,0.7,0.1,26.597014925373134,28.36,0.09028092011407778
2000,100,0.7,0.1,26.597014925373134,29.2,-0.007431338648764865
2000,100,0.7,0.1,26.597014925373134,27.92,0.037571726089452674
2000,100,0.7,0.1,26.597014925373134,25.56,0.07267213887063045
2000,100,0.7,0.1,26.597014925373134,26.78,0.07728825514957809
2000,100,0.7,0.1,26.597014925373134,25.76,0.08103863652828991
2000,100,0.7,0.1,26.597014925373134,26.42,-1.754322981867297e-5
2000,100,0.7,0.1,26.597014925373134,26.74,0.023171112851467265
2000,100,0.7,0.1,26.597014925373134,27.84,0.0320911082679905
2000,100,0.7,0.1,26.597014925373134,25.66,0.05817972676608132
2000,100,0.7,0.1,26.597014925373134,26.0,0.08938277173313919
2000,100,0.7,0.1,26.597014925373134,25.14,0.027624326095583934
2000,100,0.7,0.1,26.597014925373134,26.38,0.09063956951146196
2000,100,0.7,0.1,26.597014925373134,26.12,0.006485149472204905
2000,100,0.7,0.1,26.597014925373134,28.2,0.06461559325840957
2000,100,0.7,0.1,26.597014925373134,25.1,0.010681290842345486
2000,100,0.7,0.1,26.597014925373134,26.74,0.028541054847463873
2000,100,0.7,0.1,26.597014925373134,26.92,0.12497563992693449
2000,100,0.7,0.1,26.597014925373134,26.98,0.04131554492999341
2000,100,0.7,0.1,26.597014925373134,24.8,0.052579799876913226
2000,100,0.7,0.1,26.597014925373134,27.1,0.07338108936233388
2000,100,0.7,0.3,50.32775919732441,51.86,0.0031519576765612896
2000,100,0.7,0.3,50.32775919732441,51.24,-0.013961680168402775
2000,100,0.7,0.3,50.32775919732441,51.52,-0.00604915157132111
2000,100,0.7,0.3,50.32775919732441,49.64,-0.002358942429921182
2000,100,0.7,0.3,50.32775919732441,50.74,-0.0003630325272539677
2000,100,0.7,0.3,50.32775919732441,51.3,0.004634916590031211
2000,100,0.7,0.3,50.32775919732441,50.62,0.009772830725951904
2000,100,0.7,0.3,50.32775919732441,49.32,0.017317456678159246
2000,100,0.7,0.3,50.32775919732441,51.3,0.0042650379022013945
2000,100,0.7,0.3,50.32775919732441,50.58,-0.015444230224047987
2000,100,0.7,0.3,50.32775919732441,49.38,0.002275669410348823
2000,100,0.7,0.3,50.32775919732441,52.16,-0.006778983844228106
2000,100,0.7,0.3,50.32775919732441,50.36,-0.005541571531809357
2000,100,0.7,0.3,50.32775919732441,49.6,0.015739960342163295
2000,100,0.7,0.3,50.32775919732441,49.4,-0.0019785960752907936
2000,100,0.7,0.3,50.32775919732441,51.46,0.022541548669384966
2000,100,0.7,0.3,50.32775919732441,51.22,0.0013964170138121162
2000,100,0.7,0.3,50.32775919732441,51.9,0.0377963719747951
2000,100,0.7,0.3,50.32775919732441,50.04,0.014775349346093614
2000,100,0.7,0.3,50.32775919732441,51.92,0.04197305240260004
2000,100,0.7,0.3,50.32775919732441,50.98,0.0352696012155027
2000,100,0.7,0.3,50.32775919732441,50.12,-0.026685065341230493
2000,100,0.7,0.3,50.32775919732441,50.62,-0.011692464608820386
2000,100,0.7,0.3,50.32775919732441,50.18,-0.002326718677612504
2000,100,0.7,0.3,50.32775919732441,49.18,0.0096250307339053
2000,100,0.7,0.3,50.32775919732441,51.36,0.02889434500376228
2000,100,0.7,0.3,50.32775919732441,51.62,-0.0018560907853720245
2000,100,0.7,0.3,50.32775919732441,51.34,0.018538766328622176
2000,100,0.7,0.3,50.32775919732441,50.62,0.005586676145585539
2000,100,0.7,0.3,50.32775919732441,50.2,0.00683603560296863
2000,100,0.7,0.3,50.32775919732441,49.88,-0.0029593640074742247
2000,100,0.7,0.3,50.32775919732441,51.32,0.024245684146972986
2000,100,0.7,0.3,50.32775919732441,50.96,-0.015256602517590982
2000,100,0.7,0.3,50.32775919732441,50.24,0.015000538302920283
2000,100,0.7,0.3,50.32775919732441,49.34,0.025703430036517524
2000,100,0.7,0.3,50.32775919732441,52.1,0.02176165634818472
2000,100,0.7,0.3,50.32775919732441,49.56,-0.00965089636718058
2000,100,0.7,0.3,50.32775919732441,50.56,0.0025124183198668272
2000,100,0.7,0.3,50.32775919732441,50.6,0.03682870798599784
2000,100,0.7,0.3,50.32775919732441,50.84,-0.003859110814285694
2000,100,0.7,0.3,50.32775919732441,52.64,0.0001282193305164309
2000,100,0.7,0.3,50.32775919732441,50.8,-0.024850006640430865
2000,100,0.7,0.3,50.32775919732441,50.7,0.01747021556422503
2000,100,0.7,0.3,50.32775919732441,51.1,-0.010184973789776291
2000,100,0.7,0.3,50.32775919732441,49.98,-0.019165640154913753
2000,100,0.7,0.3,50.32775919732441,51.6,0.01638116091696708
2000,100,0.7,0.3,50.32775919732441,50.52,-0.01297986338320528
2000,100,0.7,0.3,50.32775919732441,48.84,0.04097071344617181
2000,100,0.7,0.3,50.32775919732441,50.46,0.00507113353585508
2000,100,0.7,0.3,50.32775919732441,49.04,-0.003737321714260988
2000,100,0.7,0.5,62.342569269521405,62.6,0.0028528597389563485
2000,100,0.7,0.5,62.342569269521405,62.68,-0.0015540079518813164
2000,100,0.7,0.5,62.342569269521405,62.58,0.0026398534728718044
2000,100,0.7,0.5,62.342569269521405,61.94,0.002998449405300274
2000,100,0.7,0.5,62.342569269521405,63.06,0.006694943426104684
2000,100,0.7,0.5,62.342569269521405,63.32,0.008632253219726686
2000,100,0.7,0.5,62.342569269521405,62.4,6.818364441413474e-7
2000,100,0.7,0.5,62.342569269521405,61.3,-0.027675119571422376
2000,100,0.7,0.5,62.342569269521405,61.44,-0.009542697251059055
2000,100,0.7,0.5,62.342569269521405,62.44,0.013626961590425191
2000,100,0.7,0.5,62.342569269521405,62.16,-0.024523133399767513
2000,100,0.7,0.5,62.342569269521405,62.7,-0.007691020597032279
2000,100,0.7,0.5,62.342569269521405,62.2,-0.004752254568510846
2000,100,0.7,0.5,62.342569269521405,61.96,-0.02781039267322096
2000,100,0.7,0.5,62.342569269521405,60.84,-0.0028553807589201986
2000,100,0.7,0.5,62.342569269521405,63.52,0.008208304892611543
2000,100,0.7,0.5,62.342569269521405,61.54,0.008318135235592425
2000,100,0.7,0.5,62.342569269521405,62.88,-0.012162077295049516
2000,100,0.7,0.5,62.342569269521405,63.36,0.013796529970880995
2000,100,0.7,0.5,62.342569269521405,63.5,-0.0018009955155113544
2000,100,0.7,0.5,62.342569269521405,62.24,0.0022078560114161894
2000,100,0.7,0.5,62.342569269521405,63.26,-0.010671581064695219
2000,100,0.7,0.5,62.342569269521405,63.32,-0.014599344955485264
2000,100,0.7,0.5,62.342569269521405,61.72,-0.012703523433242322
2000,100,0.7,0.5,62.342569269521405,62.54,-0.0039539976248357716
2000,100,0.7,0.5,62.342569269521405,62.64,0.008889425964589625
2000,100,0.7,0.5,62.342569269521405,62.48,0.0155032775764758
2000,100,0.7,0.5,62.342569269521405,62.08,-0.009559549725505658
2000,100,0.7,0.5,62.342569269521405,62.56,-0.018478324056513718
2000,100,0.7,0.5,62.342569269521405,62.1,-0.025086333162299555
2000,100,0.7,0.5,62.342569269521405,61.18,-0.024435339565616405
2000,100,0.7,0.5,62.342569269521405,62.38,-0.020832084602676867
2000,100,0.7,0.5,62.342569269521405,61.64,-0.022274639317744933
2000,100,0.7,0.5,62.342569269521405,63.36,0.010958115838955333
2000,100,0.7,0.5,62.342569269521405,60.88,-0.00235193842163775
2000,100,0.7,0.5,62.342569269521405,62.2,0.009002685980129809
2000,100,0.7,0.5,62.342569269521405,62.38,0.015119161735277973
2000,100,0.7,0.5,62.342569269521405,62.66,-0.01785571784870791
2000,100,0.7,0.5,62.342569269521405,62.44,-0.012250565289064718
2000,100,0.7,0.5,62.342569269521405,61.68,-0.01236808380078979
2000,100,0.7,0.5,62.342569269521405,61.48,-0.015213988692800046
2000,100,0.7,0.5,62.342569269521405,61.66,-0.0007182518845311851
2000,100,0.7,0.5,62.342569269521405,61.12,-0.012772527999003592
2000,100,0.7,0.5,62.342569269521405,60.82,0.0061311885980291966
2000,100,0.7,0.5,62.342569269521405,62.52,-0.02353204777017368
2000,100,0.7,0.5,62.342569269521405,62.98,-0.006046423606320871
2000,100,0.7,0.5,62.342569269521405,62.4,-0.010369355210556576
2000,100,0.7,0.5,62.342569269521405,61.78,0.0022674942172162212
2000,100,0.7,0.5,62.342569269521405,62.62,-0.0007430302384542159
2000,100,0.7,0.5,62.342569269521405,62.26,-0.0029916669655212697
2000,100,0.8,0.1,35.17105263157896,30.72,0.06311329042248949
2000,100,0.8,0.1,35.17105263157896,34.28,0.11425066078954692
2000,100,0.8,0.1,35.17105263157896,35.14,0.03258776526363224
2000,100,0.8,0.1,35.17105263157896,35.62,0.005700436869596706
2000,100,0.8,0.1,35.17105263157896,31.82,0.04828756958440323
2000,100,0.8,0.1,35.17105263157896,33.1,0.034714091665652744
2000,100,0.8,0.1,35.17105263157896,36.4,0.05105906387336001
2000,100,0.8,0.1,35.17105263157896,33.16,-0.003396506051657633
2000,100,0.8,0.1,35.17105263157896,33.24,0.03835762384075605
2000,100,0.8,0.1,35.17105263157896,35.44,-0.009547582658609638
2000,100,0.8,0.1,35.17105263157896,35.56,0.016848813698781415
2000,100,0.8,0.1,35.17105263157896,37.12,-0.03485976751970632
2000,100,0.8,0.1,35.17105263157896,36.72,-0.004005130488797721
2000,100,0.8,0.1,35.17105263157896,34.6,0.017242197279730986
2000,100,0.8,0.1,35.17105263157896,35.7,0.01785723316143828
2000,100,0.8,0.1,35.17105263157896,35.8,0.013883914514649183
2000,100,0.8,0.1,35.17105263157896,33.46,0.05107336050456053
2000,100,0.8,0.1,35.17105263157896,34.94,0.04096516137017726
2000,100,0.8,0.1,35.17105263157896,36.44,0.013917230919702138
2000,100,0.8,0.1,35.17105263157896,33.66,0.055251126953174565
2000,100,0.8,0.1,35.17105263157896,35.8,0.015117776887269828
2000,100,0.8,0.1,35.17105263157896,37.46,0.0660234668595646
2000,100,0.8,0.1,35.17105263157896,34.04,0.04894918665640739
2000,100,0.8,0.1,35.17105263157896,35.46,0.04978321831493537
2000,100,0.8,0.1,35.17105263157896,33.16,0.08250219451933355
2000,100,0.8,0.1,35.17105263157896,36.74,0.06113902974547971
2000,100,0.8,0.1,35.17105263157896,33.38,0.041717342249024285
2000,100,0.8,0.1,35.17105263157896,33.3,0.05236520229060818
2000,100,0.8,0.1,35.17105263157896,32.86,0.030010564379073346
2000,100,0.8,0.1,35.17105263157896,33.72,0.10893189648808205
2000,100,0.8,0.1,35.17105263157896,34.82,0.06492811267392369
2000,100,0.8,0.1,35.17105263157896,33.44,0.05340595983101405
2000,100,0.8,0.1,35.17105263157896,34.08,0.0015348098382287141
2000,100,0.8,0.1,35.17105263157896,36.88,0.038552276894443585
2000,100,0.8,0.1,35.17105263157896,36.94,-0.002737528133318057
2000,100,0.8,0.1,35.17105263157896,36.46,0.013865127810718946
2000,100,0.8,0.1,35.17105263157896,35.24,0.08036320715949073
2000,100,0.8,0.1,35.17105263157896,32.02,0.11483413475297753
2000,100,0.8,0.1,35.17105263157896,38.28,0.08037443711434396
2000,100,0.8,0.1,35.17105263157896,33.8,0.06361181815093922
2000,100,0.8,0.1,35.17105263157896,36.24,0.019843342286957333
2000,100,0.8,0.1,35.17105263157896,32.64,0.04113140334847076
2000,100,0.8,0.1,35.17105263157896,33.78,-0.0070126138340111345
2000,100,0.8,0.1,35.17105263157896,33.36,0.05578568781353325
2000,100,0.8,0.1,35.17105263157896,34.72,0.02747301246675997
2000,100,0.8,0.1,35.17105263157896,36.06,-0.01164971292770438
2000,100,0.8,0.1,35.17105263157896,36.74,-0.03303398261720533
2000,100,0.8,0.1,35.17105263157896,37.14,0.007891702117284701
2000,100,0.8,0.1,35.17105263157896,35.86,0.061048207103872834
2000,100,0.8,0.1,35.17105263157896,33.56,0.0422524534640257
2000,100,0.8,0.3,60.192,60.74,-0.02680761895353778
2000,100,0.8,0.3,60.192,58.7,-0.019540690463769862
2000,100,0.8,0.3,60.192,60.0,0.001191290784793739
2000,100,0.8,0.3,60.192,61.82,-0.013208089819964077
2000,100,0.8,0.3,60.192,58.56,-0.022815529205232152
2000,100,0.8,0.3,60.192,59.02,0.031529643289990354
2000,100,0.8,0.3,60.192,59.74,0.023760200593001095
2000,100,0.8,0.3,60.192,61.44,0.01769330658701022
2000,100,0.8,0.3,60.192,61.76,-0.009757665336251055
2000,100,0.8,0.3,60.192,58.26,0.0036436133360508672
2000,100,0.8,0.3,60.192,61.48,-0.01399149391618537
2000,100,0.8,0.3,60.192,58.22,-0.0038454044736590154
2000,100,0.8,0.3,60.192,59.2,-0.03292641963122017
2000,100,0.8,0.3,60.192,60.32,0.02931429743404831
2000,100,0.8,0.3,60.192,59.0,-0.02156045560483662
2000,100,0.8,0.3,60.192,61.66,-0.003458843858355622
2000,100,0.8,0.3,60.192,60.04,-0.006060354319135083
2000,100,0.8,0.3,60.192,59.42,-0.025965838871198698
2000,100,0.8,0.3,60.192,61.24,-0.015435402103089331
2000,100,0.8,0.3,60.192,59.46,-0.021661433663731754
2000,100,0.8,0.3,60.192,60.22,-0.022883275807766258
2000,100,0.8,0.3,60.192,59.12,-0.004610438770808743
2000,100,0.8,0.3,60.192,61.1,-0.007219544532709179
2000,100,0.8,0.3,60.192,61.2,0.000517344184737414
2000,100,0.8,0.3,60.192,59.44,-0.01769283979655665
2000,100,0.8,0.3,60.192,61.48,0.0006050442067927283
2000,100,0.8,0.3,60.192,61.9,0.013516674179766583
2000,100,0.8,0.3,60.192,61.58,0.0011029856936081875
2000,100,0.8,0.3,60.192,60.18,-0.015423238110815217
2000,100,0.8,0.3,60.192,58.92,0.022781448114810025
2000,100,0.8,0.3,60.192,60.1,0.015679670374890882
2000,100,0.8,0.3,60.192,61.56,-0.008812653948028413
2000,100,0.8,0.3,60.192,60.46,0.00407003991242441
2000,100,0.8,0.3,60.192,60.28,-0.0049449239975746274
2000,100,0.8,0.3,60.192,59.4,0.02704345988372664
2000,100,0.8,0.3,60.192,60.82,-0.0027651263733135213
2000,100,0.8,0.3,60.192,62.08,-0.007852117011755462
2000,100,0.8,0.3,60.192,58.06,0.045095043499022
2000,100,0.8,0.3,60.192,57.86,0.010908919830687537
2000,100,0.8,0.3,60.192,61.0,0.00873560928877208
2000,100,0.8,0.3,60.192,58.0,0.0045361657046738444
2000,100,0.8,0.3,60.192,59.92,-0.01154364964343338
2000,100,0.8,0.3,60.192,59.54,0.006870290271217544
2000,100,0.8,0.3,60.192,60.98,-0.009417759260012547
2000,100,0.8,0.3,60.192,58.9,0.023668483008220675
2000,100,0.8,0.3,60.192,59.86,-0.012861004523790376
2000,100,0.8,0.3,60.192,60.18,0.015985250806640778
2000,100,0.8,0.3,60.192,59.18,-0.0024003127561841317
2000,100,0.8,0.3,60.192,61.4,-0.0006094630490936116
2000,100,0.8,0.3,60.192,59.8,0.0043582399149065055
2000,100,0.8,0.5,71.12068965517241,71.6,0.0031815513955404952
2000,100,0.8,0.5,71.12068965517241,70.34,0.001791475941422353
2000,100,0.8,0.5,71.12068965517241,72.04,0.0016825162690844414
2000,100,0.8,0.5,71.12068965517241,71.64,-0.010597190304021054
2000,100,0.8,0.5,71.12068965517241,72.42,-0.01206510916758242
2000,100,0.8,0.5,71.12068965517241,71.8,0.006089150513821075
2000,100,0.8,0.5,71.12068965517241,70.52,0.0029877667515802006
2000,100,0.8,0.5,71.12068965517241,70.86,0.0038490837797728887
2000,100,0.8,0.5,71.12068965517241,71.58,-0.010545990426477747
2000,100,0.8,0.5,71.12068965517241,71.18,-0.020964423262458752
2000,100,0.8,0.5,71.12068965517241,70.5,0.004044325880127266
2000,100,0.8,0.5,71.12068965517241,71.1,0.0032998980228498343
2000,100,0.8,0.5,71.12068965517241,69.7,-0.02069763747592018
2000,100,0.8,0.5,71.12068965517241,71.1,-0.010636972937945818
2000,100,0.8,0.5,71.12068965517241,71.68,-0.012750586588132393
2000,100,0.8,0.5,71.12068965517241,72.36,-0.011308744295446307
2000,100,0.8,0.5,71.12068965517241,70.86,-0.017636875394617876
2000,100,0.8,0.5,71.12068965517241,71.06,-0.00676060954419625
2000,100,0.8,0.5,71.12068965517241,71.6,0.011154926567053514
2000,100,0.8,0.5,71.12068965517241,70.78,0.000941114784789635
2000,100,0.8,0.5,71.12068965517241,70.4,-0.012023064111383165
2000,100,0.8,0.5,71.12068965517241,71.64,-0.007152569578357015
2000,100,0.8,0.5,71.12068965517241,69.26,-0.018530782453397225
2000,100,0.8,0.5,71.12068965517241,70.4,-0.0035222918064459954
2000,100,0.8,0.5,71.12068965517241,70.36,-0.00042612723045413217
2000,100,0.8,0.5,71.12068965517241,70.88,-0.003811718007719948
2000,100,0.8,0.5,71.12068965517241,70.28,0.0059325705380229715
2000,100,0.8,0.5,71.12068965517241,71.52,0.006996421212559607
2000,100,0.8,0.5,71.12068965517241,72.14,-0.014405725816429524
2000,100,0.8,0.5,71.12068965517241,70.44,0.005914635986211762
2000,100,0.8,0.5,71.12068965517241,70.26,-0.007929458990449535
2000,100,0.8,0.5,71.12068965517241,71.18,0.012814541718813828
2000,100,0.8,0.5,71.12068965517241,72.24,0.0003225446190315682
2000,100,0.8,0.5,71.12068965517241,71.04,-0.001056458005879211
2000,100,0.8,0.5,71.12068965517241,70.58,-0.021435651628636105
2000,100,0.8,0.5,71.12068965517241,71.42,0.016398675808589495
2000,100,0.8,0.5,71.12068965517241,71.82,-0.010693753010562124
2000,100,0.8,0.5,71.12068965517241,69.88,-0.011998718710357788
2000,100,0.8,0.5,71.12068965517241,70.5,0.007939822077100383
2000,100,0.8,0.5,71.12068965517241,71.74,-0.0009790775061895574
2000,100,0.8,0.5,71.12068965517241,71.4,-0.007173907906345144
2000,100,0.8,0.5,71.12068965517241,71.6,0.0033120925222997967
2000,100,0.8,0.5,71.12068965517241,71.44,-0.006713758647209939
2000,100,0.8,0.5,71.12068965517241,70.6,-0.007441256922523278
2000,100,0.8,0.5,71.12068965517241,73.4,-0.0029571580995350504
2000,100,0.8,0.5,71.12068965517241,72.18,-0.00802806186106247
2000,100,0.8,0.5,71.12068965517241,71.0,0.015138843686533406
2000,100,0.8,0.5,71.12068965517241,71.18,-0.01862072472214502
2000,100,0.8,0.5,71.12068965517241,72.06,-0.022062095913094024
2000,100,0.8,0.5,71.12068965517241,71.44,-0.00040501513896640305
2000,100,0.9,0.1,51.90291262135924,52.0,-0.0008279071135031942
2000,100,0.9,0.1,51.90291262135924,54.0,0.03123273306210514
2000,100,0.9,0.1,51.90291262135924,54.46,0.02209757944974231
2000,100,0.9,0.1,51.90291262135924,52.82,0.07219310536790335
2000,100,0.9,0.1,51.90291262135924,47.58,0.023836344301584746
2000,100,0.9,0.1,51.90291262135924,51.46,0.03439007019317568
2000,100,0.9,0.1,51.90291262135924,49.06,-0.022649556957559054
2000,100,0.9,0.1,51.90291262135924,52.5,-0.01038018916989462
2000,100,0.9,0.1,51.90291262135924,52.98,0.013189416623143869
2000,100,0.9,0.1,51.90291262135924,55.04,-0.03188224932760959
2000,100,0.9,0.1,51.90291262135924,54.6,-0.01270806432626421
2000,100,0.9,0.1,51.90291262135924,52.18,0.009975053781146926
2000,100,0.9,0.1,51.90291262135924,55.44,-0.007340099756878431
2000,100,0.9,0.1,51.90291262135924,45.58,-0.03293482525604054
2000,100,0.9,0.1,51.90291262135924,53.22,-0.010527999323494866
2000,100,0.9,0.1,51.90291262135924,48.8,-0.011270227516997241
2000,100,0.9,0.1,51.90291262135924,48.44,0.005829953191660804
2000,100,0.9,0.1,51.90291262135924,51.72,0.04722907541689813
2000,100,0.9,0.1,51.90291262135924,51.84,0.04491329035177359
2000,100,0.9,0.1,51.90291262135924,48.04,0.004408082036350403
2000,100,0.9,0.1,51.90291262135924,50.34,-0.004347643810896108
2000,100,0.9,0.1,51.90291262135924,55.4,0.028363317692189007
2000,100,0.9,0.1,51.90291262135924,49.72,-0.00021528210554257963
2000,100,0.9,0.1,51.90291262135924,46.32,0.0685893477207202
2000,100,0.9,0.1,51.90291262135924,54.58,0.0035845094461034828
2000,100,0.9,0.1,51.90291262135924,51.78,0.0041573330275344695
2000,100,0.9,0.1,51.90291262135924,53.26,-0.004236041313043971
2000,100,0.9,0.1,51.90291262135924,57.4,-0.002344359419648624
2000,100,0.9,0.1,51.90291262135924,47.64,-0.005275105162268267
2000,100,0.9,0.1,51.90291262135924,52.46,0.051520135126098425
2000,100,0.9,0.1,51.90291262135924,49.78,-0.044510015727065366
2000,100,0.9,0.1,51.90291262135924,54.16,0.01620727654571543
2000,100,0.9,0.1,51.90291262135924,51.72,-0.014359537470303257
2000,100,0.9,0.1,51.90291262135924,52.76,0.030952268957941162
2000,100,0.9,0.1,51.90291262135924,54.68,0.009633703541044413
2000,100,0.9,0.1,51.90291262135924,54.4,0.07751114028053285
2000,100,0.9,0.1,51.90291262135924,51.18,0.005245411861815266
2000,100,0.9,0.1,51.90291262135924,52.68,0.0007540063732242125
2000,100,0.9,0.1,51.90291262135924,47.26,0.07695536607337469
2000,100,0.9,0.1,51.90291262135924,50.38,-0.0547626614477175
2000,100,0.9,0.1,51.90291262135924,52.04,0.07614420398130804
2000,100,0.9,0.1,51.90291262135924,49.28,0.019284587739381447
2000,100,0.9,0.1,51.90291262135924,51.0,-0.027713866543613106
2000,100,0.9,0.1,51.90291262135924,53.2,0.008632416168449574
2000,100,0.9,0.1,51.90291262135924,52.76,0.007526396124667506
2000,100,0.9,0.1,51.90291262135924,48.06,-0.04176567877094765
2000,100,0.9,0.1,51.90291262135924,54.7,-0.021147154937071776
2000,100,0.9,0.1,51.90291262135924,52.16,-0.021733379907058165
2000,100,0.9,0.1,51.90291262135924,49.14,-0.02558303949823574
2000,100,0.9,0.1,51.90291262135924,49.94,0.03584235504712099
2000,100,0.9,0.3,74.86567164179107,76.26,-0.012331983760140134
2000,100,0.9,0.3,74.86567164179107,78.06,-0.0019029174867885306
2000,100,0.9,0.3,74.86567164179107,73.82,-0.005936580351790305
2000,100,0.9,0.3,74.86567164179107,74.68,-0.010122181759726212
2000,100,0.9,0.3,74.86567164179107,75.98,0.0030874965486047223
2000,100,0.9,0.3,74.86567164179107,73.86,-0.013921505623568512
2000,100,0.9,0.3,74.86567164179107,72.66,-0.0021240213815418283
2000,100,0.9,0.3,74.86567164179107,76.26,-0.014703424210290052
2000,100,0.9,0.3,74.86567164179107,75.38,0.008723863002856548
2000,100,0.9,0.3,74.86567164179107,73.22,-0.0012954851808308976
2000,100,0.9,0.3,74.86567164179107,75.48,-0.008161711717178303
2000,100,0.9,0.3,74.86567164179107,75.28,-0.019183924395447412
2000,100,0.9,0.3,74.86567164179107,76.7,-0.01473978579935113
2000,100,0.9,0.3,74.86567164179107,75.72,-0.013546147717180212
2000,100,0.9,0.3,74.86567164179107,75.9,-0.00804858939134236
2000,100,0.9,0.3,74.86567164179107,72.78,-0.020357895638085
2000,100,0.9,0.3,74.86567164179107,75.02,0.0056796608964408656
2000,100,0.9,0.3,74.86567164179107,74.4,-0.0018929985055805784
2000,100,0.9,0.3,74.86567164179107,75.54,0.003135710538290491
2000,100,0.9,0.3,74.86567164179107,75.56,-0.012223333550777026
2000,100,0.9,0.3,74.86567164179107,75.32,-0.0158376198068146
2000,100,0.9,0.3,74.86567164179107,72.5,0.03162690662487043
2000,100,0.9,0.3,74.86567164179107,73.34,0.006385271837883972
2000,100,0.9,0.3,74.86567164179107,76.74,-0.004435239476712488
2000,100,0.9,0.3,74.86567164179107,75.58,-0.008603010362091892
2000,100,0.9,0.3,74.86567164179107,75.36,-0.0167806571499622
2000,100,0.9,0.3,74.86567164179107,74.18,-0.01837974216409601
2000,100,0.9,0.3,74.86567164179107,75.36,0.02082056105728754
2000,100,0.9,0.3,74.86567164179107,77.88,0.006955529634813184
2000,100,0.9,0.3,74.86567164179107,73.54,-0.014398819626908074
2000,100,0.9,0.3,74.86567164179107,73.56,-0.026079639472753914
2000,100,0.9,0.3,74.86567164179107,75.08,0.0025886969522671984
2000,100,0.9,0.3,74.86567164179107,73.48,0.003798490141913278
2000,100,0.9,0.3,74.86567164179107,73.84,-0.014820872890030668
2000,100,0.9,0.3,74.86567164179107,73.56,0.0053378970662664536
2000,100,0.9,0.3,74.86567164179107,75.76,-0.006086451751594612
2000,100,0.9,0.3,74.86567164179107,73.34,0.009576170974968216
2000,100,0.9,0.3,74.86567164179107,75.14,-0.03132806855277965
2000,100,0.9,0.3,74.86567164179107,73.28,0.010187462997892945
2000,100,0.9,0.3,74.86567164179107,76.56,-0.005073710025302056
2000,100,0.9,0.3,74.86567164179107,74.96,-0.01970189129950616
2000,100,0.9,0.3,74.86567164179107,75.22,-0.017614694402935404
2000,100,0.9,0.3,74.86567164179107,75.0,-0.00917323933147889
2000,100,0.9,0.3,74.86567164179107,75.06,0.0013834427729240498
2000,100,0.9,0.3,74.86567164179107,75.36,-0.01644579478790575
2000,100,0.9,0.3,74.86567164179107,75.02,-0.011922310065128413
2000,100,0.9,0.3,74.86567164179107,74.16,0.021973155541993077
2000,100,0.9,0.3,74.86567164179107,75.84,0.013192819597704658
2000,100,0.9,0.3,74.86567164179107,73.78,0.00971798891398644
2000,100,0.9,0.3,74.86567164179107,75.46,0.0021439061161557054
2000,100,0.9,0.5,82.77591973244148,82.52,0.0022679479174957926
2000,100,0.9,0.5,82.77591973244148,83.3,-0.01794522024101028
2000,100,0.9,0.5,82.77591973244148,83.2,-0.009881839522441952
2000,100,0.9,0.5,82.77591973244148,82.2,-0.0055104483679655
2000,100,0.9,0.5,82.77591973244148,82.48,-0.015824513353508447
2000,100,0.9,0.5,82.77591973244148,82.78,-0.01618387702713244
2000,100,0.9,0.5,82.77591973244148,82.08,-0.019942710815848294
2000,100,0.9,0.5,82.77591973244148,83.66,-0.006711611274121876
2000,100,0.9,0.5,82.77591973244148,83.1,-0.009092856033169552
2000,100,0.9,0.5,82.77591973244148,81.14,-0.018453430381567243
2000,100,0.9,0.5,82.77591973244148,81.78,0.010561890569296389
2000,100,0.9,0.5,82.77591973244148,81.84,-0.014568872780978973
2000,100,0.9,0.5,82.77591973244148,82.48,-0.01599501552427248
2000,100,0.9,0.5,82.77591973244148,82.88,-0.012713570051686026
2000,100,0.9,0.5,82.77591973244148,82.48,0.002504178312872633
2000,100,0.9,0.5,82.77591973244148,83.02,0.0047225892821789045
2000,100,0.9,0.5,82.77591973244148,82.74,-0.018194874178504773
2000,100,0.9,0.5,82.77591973244148,82.02,-0.016603636832473925
2000,100,0.9,0.5,82.77591973244148,82.16,-0.00905348715231053
2000,100,0.9,0.5,82.77591973244148,82.56,-0.0021292715367543374
2000,100,0.9,0.5,82.77591973244148,83.72,-0.01395860342330959
2000,100,0.9,0.5,82.77591973244148,82.98,-0.011393117626966204
2000,100,0.9,0.5,82.77591973244148,83.1,-0.018135991342235654
2000,100,0.9,0.5,82.77591973244148,81.58,0.002145356902839841
2000,100,0.9,0.5,82.77591973244148,81.8,-0.014655811391416642
2000,100,0.9,0.5,82.77591973244148,80.06,0.0015558678941597268
2000,100,0.9,0.5,82.77591973244148,83.38,-0.011623241659590925
2000,100,0.9,0.5,82.77591973244148,82.96,0.007735749751857127
2000,100,0.9,0.5,82.77591973244148,83.4,-0.010525833403789039
2000,100,0.9,0.5,82.77591973244148,83.1,0.008008359811776979
2000,100,0.9,0.5,82.77591973244148,82.66,-0.011170445331011502
2000,100,0.9,0.5,82.77591973244148,82.24,-0.0048858146775353165
2000,100,0.9,0.5,82.77591973244148,82.6,-0.005520237151217044
2000,100,0.9,0.5,82.77591973244148,83.1,-0.02641924298131694
2000,100,0.9,0.5,82.77591973244148,82.24,-0.012962580146878242
2000,100,0.9,0.5,82.77591973244148,83.68,-0.004006766525090251
2000,100,0.9,0.5,82.77591973244148,83.14,-0.014288987546445338
2000,100,0.9,0.5,82.77591973244148,84.42,-0.01669086779012708
2000,100,0.9,0.5,82.77591973244148,83.36,-0.015241428922445604
2000,100,0.9,0.5,82.77591973244148,83.14,-0.0122903765992817
2000,100,0.9,0.5,82.77591973244148,83.52,0.00202758547655938
2000,100,0.9,0.5,82.77591973244148,82.04,-0.022515072196020506
2000,100,0.9,0.5,82.77591973244148,82.38,-0.01620342737052616
2000,100,0.9,0.5,82.77591973244148,84.26,-0.0070820464758466345
2000,100,0.9,0.5,82.77591973244148,82.58,-0.013471101976294217
2000,100,0.9,0.5,82.77591973244148,84.24,-0.008849100900314398
2000,100,0.9,0.5,82.77591973244148,82.62,-0.01336742358318307
2000,100,0.9,0.5,82.77591973244148,82.92,0.001978817725439322
2000,100,0.9,0.5,82.77591973244148,82.76,-0.007660956088437119
2000,100,0.9,0.5,82.77591973244148,82.74,0.00154844336794013
2000,100,1.0,0.1,99.00000000000003,98.62,-0.013005619711949619
2000,100,1.0,0.1,99.00000000000003,97.34,-0.006810267882281031
2000,100,1.0,0.1,99.00000000000003,99.0,-0.010101010101010091
2000,100,1.0,0.1,99.00000000000003,97.2,-6.11879683675508e-5
2000,100,1.0,0.1,99.00000000000003,99.0,-0.010101010101010102
2000,100,1.0,0.1,99.00000000000003,99.0,-0.010101010101010027
2000,100,1.0,0.1,99.00000000000003,98.98,-0.010596850388269581
2000,100,1.0,0.1,99.00000000000003,99.0,-0.010101010101010024
2000,100,1.0,0.1,99.00000000000003,93.8,-0.01928447012958348
2000,100,1.0,0.1,99.00000000000003,97.94,-0.011780054202205924
2000,100,1.0,0.1,99.00000000000003,98.86,-0.009414858661353989
2000,100,1.0,0.1,99.00000000000003,99.0,-0.010101010101010013
2000,100,1.0,0.1,99.00000000000003,98.54,-0.01356440474124911
2000,100,1.0,0.1,99.00000000000003,99.0,-0.010101010101010135
2000,100,1.0,0.1,99.00000000000003,98.46,-0.011014523621149339
2000,100,1.0,0.1,99.00000000000003,97.78,-0.014615494810066845
2000,100,1.0,0.1,99.00000000000003,98.82,-0.006656696715296935
2000,100,1.0,0.1,99.00000000000003,95.46,-0.008957468151816826
2000,100,1.0,0.1,99.00000000000003,98.88,-0.010451204653356803
2000,100,1.0,0.1,99.00000000000003,99.0,-0.010101010101010055
2000,100,1.0,0.1,99.00000000000003,99.0,-0.01010101010101012
2000,100,1.0,0.1,99.00000000000003,98.58,-0.012866213527822142
2000,100,1.0,0.1,99.00000000000003,95.22,0.0029110987531734923
2000,100,1.0,0.1,99.00000000000003,98.94,-0.010161231544300599
2000,100,1.0,0.1,99.00000000000003,91.76,0.004103157316172799
2000,100,1.0,0.1,99.00000000000003,99.0,-0.010101010101010081
2000,100,1.0,0.1,99.00000000000003,99.0,-0.010101010101010088
2000,100,1.0,0.1,99.00000000000003,99.0,-0.010101010101010067
2000,100,1.0,0.1,99.00000000000003,98.8,-0.010583386663384736
2000,100,1.0,0.1,99.00000000000003,98.0,-0.00581759092413476
2000,100,1.0,0.1,99.00000000000003,99.0,-0.010101010101010091
2000,100,1.0,0.1,99.00000000000003,99.0,-0.010101010101010166
2000,100,1.0,0.1,99.00000000000003,98.76,-0.007520398736891637
2000,100,1.0,0.1,99.00000000000003,98.24,-0.006854093563538165
2000,100,1.0,0.1,99.00000000000003,97.6,-0.0043741230312352285
2000,100,1.0,0.1,99.00000000000003,97.92,-0.008177791488092674
2000,100,1.0,0.1,99.00000000000003,98.0,-0.008502884594489949
2000,100,1.0,0.1,99.00000000000003,97.78,-0.011516437717947305
2000,100,1.0,0.1,99.00000000000003,97.84,-0.008316145245367813
2000,100,1.0,0.1,99.00000000000003,98.48,-0.012674992276059286
2000,100,1.0,0.1,99.00000000000003,99.0,-0.010101010101010012
2000,100,1.0,0.1,99.00000000000003,98.54,-0.010586400760905189
2000,100,1.0,0.1,99.00000000000003,97.38,-0.00650951821531457
2000,100,1.0,0.1,99.00000000000003,99.0,-0.010101010101010041
2000,100,1.0,0.1,99.00000000000003,98.84,-0.011163224465512036
2000,100,1.0,0.1,99.00000000000003,98.96,-0.009478659074611814
2000,100,1.0,0.1,99.00000000000003,96.66,-0.020292080708467275
2000,100,1.0,0.1,99.00000000000003,99.0,-0.010101010101010138
2000,100,1.0,0.1,99.00000000000003,97.6,-0.018018777684253865
2000,100,1.0,0.1,99.00000000000003,99.0,-0.010101010101010246
2000,100,1.0,0.3,98.99999999999997,99.0,-0.010101010101010097
2000,100,1.0,0.3,98.99999999999997,99.0,-0.01010101010101006
2000,100,1.0,0.3,98.99999999999997,99.0,-0.010101010101010017
2000,100,1.0,0.3,98.99999999999997,99.0,-0.010101010101010024
2000,100,1.0,0.3,98.99999999999997,99.0,-0.010101010101010086
2000,100,1.0,0.3,98.99999999999997,99.0,-0.010101010101010013
2000,100,1.0,0.3,98.99999999999997,99.0,-0.010101010101010173
2000,100,1.0,0.3,98.99999999999997,99.0,-0.010101010101010065
2000,100,1.0,0.3,98.99999999999997,99.0,-0.01010101010101008
2000,100,1.0,0.3,98.99999999999997,99.0,-0.010101010101010052
2000,100,1.0,0.3,98.99999999999997,99.0,-0.010101010101010081
2000,100,1.0,0.3,98.99999999999997,99.0,-0.010101010101010123
2000,100,1.0,0.3,98.99999999999997,99.0,-0.010101010101010095
2000,100,1.0,0.3,98.99999999999997,99.0,-0.010101010101010104
2000,100,1.0,0.3,98.99999999999997,99.0,-0.010101010101010128
2000,100,1.0,0.3,98.99999999999997,99.0,-0.010101010101010176
2000,100,1.0,0.3,98.99999999999997,99.0,-0.010101010101010086
2000,100,1.0,0.3,98.99999999999997,99.0,-0.010101010101009961
2000,100,1.0,0.3,98.99999999999997,99.0,-0.010101010101010064
2000,100,1.0,0.3,98.99999999999997,99.0,-0.01010101010101018
2000,100,1.0,0.3,98.99999999999997,99.0,-0.01010101010101009
2000,100,1.0,0.3,98.99999999999997,99.0,-0.010101010101010069
2000,100,1.0,0.3,98.99999999999997,99.0,-0.010101010101010081
2000,100,1.0,0.3,98.99999999999997,99.0,-0.010101010101010057
2000,100,1.0,0.3,98.99999999999997,99.0,-0.010101010101010072
2000,100,1.0,0.3,98.99999999999997,99.0,-0.010101010101009975
2000,100,1.0,0.3,98.99999999999997,99.0,-0.01010101010101006
2000,100,1.0,0.3,98.99999999999997,99.0,-0.01010101010101002
2000,100,1.0,0.3,98.99999999999997,99.0,-0.010101010101009986
2000,100,1.0,0.3,98.99999999999997,99.0,-0.010101010101010112
2000,100,1.0,0.3,98.99999999999997,99.0,-0.010101010101010057
2000,100,1.0,0.3,98.99999999999997,99.0,-0.010101010101010121
2000,100,1.0,0.3,98.99999999999997,99.0,-0.010101010101010104
2000,100,1.0,0.3,98.99999999999997,99.0,-0.01010101010101021
2000,100,1.0,0.3,98.99999999999997,99.0,-0.010101010101010069
2000,100,1.0,0.3,98.99999999999997,99.0,-0.010101010101010074
2000,100,1.0,0.3,98.99999999999997,99.0,-0.010101010101010041
2000,100,1.0,0.3,98.99999999999997,99.0,-0.010101010101010107
2000,100,1.0,0.3,98.99999999999997,99.0,-0.010101010101010157
2000,100,1.0,0.3,98.99999999999997,99.0,-0.010101010101010112
2000,100,1.0,0.3,98.99999999999997,99.0,-0.01010101010101008
2000,100,1.0,0.3,98.99999999999997,99.0,-0.010101010101010088
2000,100,1.0,0.3,98.99999999999997,99.0,-0.010101010101009973
2000,100,1.0,0.3,98.99999999999997,99.0,-0.010101010101010078
2000,100,1.0,0.3,98.99999999999997,99.0,-0.010101010101010086
2000,100,1.0,0.3,98.99999999999997,99.0,-0.010101010101010015
2000,100,1.0,0.3,98.99999999999997,99.0,-0.010101010101010157
2000,100,1.0,0.3,98.99999999999997,99.0,-0.010101010101009998
2000,100,1.0,0.3,98.99999999999997,99.0,-0.010101010101010109
2000,100,1.0,0.3,98.99999999999997,99.0,-0.01010101010101008
2000,100,1.0,0.5,99.0,99.0,-0.010101010101010036
2000,100,1.0,0.5,99.0,99.0,-0.010101010101010072
2000,100,1.0,0.5,99.0,99.0,-0.010101010101010083
2000,100,1.0,0.5,99.0,99.0,-0.010101010101010064
2000,100,1.0,0.5,99.0,99.0,-0.010101010101010091
2000,100,1.0,0.5,99.0,99.0,-0.010101010101010182
2000,100,1.0,0.5,99.0,99.0,-0.010101010101010059
2000,100,1.0,0.5,99.0,99.0,-0.010101010101010107
2000,100,1.0,0.5,99.0,99.0,-0.010101010101010138
2000,100,1.0,0.5,99.0,99.0,-0.010101010101010057
2000,100,1.0,0.5,99.0,99.0,-0.010101010101010017
2000,100,1.0,0.5,99.0,99.0,-0.010101010101010062
2000,100,1.0,0.5,99.0,99.0,-0.010101010101010149
2000,100,1.0,0.5,99.0,99.0,-0.01010101010101011
2000,100,1.0,0.5,99.0,99.0,-0.01010101010101011
2000,100,1.0,0.5,99.0,99.0,-0.010101010101010078
2000,100,1.0,0.5,99.0,99.0,-0.010101010101010024
2000,100,1.0,0.5,99.0,99.0,-0.010101010101010022
2000,100,1.0,0.5,99.0,99.0,-0.010101010101010085
2000,100,1.0,0.5,99.0,99.0,-0.01010101010101005
2000,100,1.0,0.5,99.0,99.0,-0.010101010101010085
2000,100,1.0,0.5,99.0,99.0,-0.010101010101010029
2000,100,1.0,0.5,99.0,99.0,-0.01010101010101002
2000,100,1.0,0.5,99.0,99.0,-0.010101010101010098
2000,100,1.0,0.5,99.0,99.0,-0.010101010101010093
2000,100,1.0,0.5,99.0,99.0,-0.010101010101010052
2000,100,1.0,0.5,99.0,99.0,-0.010101010101010038
2000,100,1.0,0.5,99.0,99.0,-0.010101010101010086
2000,100,1.0,0.5,99.0,99.0,-0.010101010101010163
2000,100,1.0,0.5,99.0,99.0,-0.01010101010101003
2000,100,1.0,0.5,99.0,99.0,-0.010101010101010034
2000,100,1.0,0.5,99.0,99.0,-0.010101010101010116
2000,100,1.0,0.5,99.0,99.0,-0.010101010101010088
2000,100,1.0,0.5,99.0,99.0,-0.010101010101010088
2000,100,1.0,0.5,99.0,99.0,-0.010101010101010072
2000,100,1.0,0.5,99.0,99.0,-0.01010101010101009
2000,100,1.0,0.5,99.0,99.0,-0.010101010101010121
2000,100,1.0,0.5,99.0,99.0,-0.010101010101010074
2000,100,1.0,0.5,99.0,99.0,-0.010101010101010194
2000,100,1.0,0.5,99.0,99.0,-0.010101010101010093
2000,100,1.0,0.5,99.0,99.0,-0.010101010101010095
2000,100,1.0,0.5,99.0,99.0,-0.010101010101010144
2000,100,1.0,0.5,99.0,99.0,-0.01010101010101012
2000,100,1.0,0.5,99.0,99.0,-0.010101010101010052
2000,100,1.0,0.5,99.0,99.0,-0.010101010101010116
2000,100,1.0,0.5,99.0,99.0,-0.010101010101010112
2000,100,1.0,0.5,99.0,99.0,-0.010101010101010069
2000,100,1.0,0.5,99.0,99.0,-0.010101010101010053
2000,100,1.0,0.5,99.0,99.0,-0.010101010101010152
2000,100,1.0,0.5,99.0,99.0,-0.010101010101010154
